0,2073,2052,2067,2088,2029,2043,2027,2077,2030,2021,2016,2003,2012,2032,2078,2058,2073,2052,2067,2088,2029,2043,2027,2077,2030,2021,2016,2003,2012,2032,2078,2058
1,2038,2060,2049,2089,2072,2006,2055,2095,2069,2093,2016,2068,2013,2067,2087,2041,2038,2060,2049,2089,2072,2006,2055,2095,2069,2093,2016,2068,2013,2067,2087,2041
2,2035,2046,2015,2048,2048,2064,2044,2011,2049,2037,2012,2055,2038,2064,2098,2063,2035,2046,2015,2048,2048,2064,2044,2011,2049,2037,2012,2055,2038,2064,2098,2063
3,2060,2024,2072,2081,2018,2008,2065,2015,2028,2050,2066,2059,2012,2004,2016,2039,2060,2024,2072,2081,2018,2008,2065,2015,2028,2050,2066,2059,2012,2004,2016,2039
4,2087,2054,2096,2082,2068,2017,2059,2080,2072,2093,2012,2007,2011,2056,2038,2035,2087,2054,2096,2082,2068,2017,2059,2080,2072,2093,2012,2007,2011,2056,2038,2035
5,2050,2071,2078,2100,2072,2067,2064,2063,2081,2004,2092,2061,2002,2028,2068,2029,2050,2071,2078,2100,2072,2067,2064,2063,2081,2004,2092,2061,2002,2028,2068,2029
6,2060,2060,2036,2001,2005,2064,2078,2008,2082,2035,2031,2004,2100,2038,2074,2041,2060,2060,2036,2001,2005,2064,2078,2008,2082,2035,2031,2004,2100,2038,2074,2041
7,2027,2006,2096,2036,2012,2031,2014,2014,2092,2074,2046,2011,2086,2005,2023,2065,2027,2006,2096,2036,2012,2031,2014,2014,2092,2074,2046,2011,2086,2005,2023,2065
8,2052,2074,2083,2007,2004,2085,2076,2053,2039,2049,2062,2092,2006,2074,2033,2047,2052,2074,2083,2007,2004,2085,2076,2053,2039,2049,2062,2092,2006,2074,2033,2047
9,2022,2065,2070,2078,2075,2080,2084,2047,2090,2035,2051,2019,2012,2040,2054,2077,2022,2065,2070,2078,2075,2080,2084,2047,2090,2035,2051,2019,2012,2040,2054,2077
10,2021,2015,2070,2063,2016,2014,2018,2068,2091,2060,2002,2095,2061,2092,2037,2039,2021,2015,2070,2063,2016,2014,2018,2068,2091,2060,2002,2095,2061,2092,2037,2039
11,2058,2100,2008,2051,2049,2009,2009,2092,2005,2084,2005,2097,2085,2069,2048,2071,2058,2100,2008,2051,2049,2009,2009,2092,2005,2084,2005,2097,2085,2069,2048,2071
12,2047,2017,2001,2002,2082,2001,2047,2066,2098,2070,2068,2069,2001,2074,2062,2073,2047,2017,2001,2002,2082,2001,2047,2066,2098,2070,2068,2069,2001,2074,2062,2073
13,2064,2050,2008,2005,2066,2067,2073,2041,2089,2058,2010,2060,2073,2076,2015,2036,2064,2050,2008,2005,2066,2067,2073,2041,2089,2058,2010,2060,2073,2076,2015,2036
14,2092,2043,2010,2091,2098,2042,2093,2011,2006,2043,2075,2090,2013,2019,2088,2071,2092,2043,2010,2091,2098,2042,2093,2011,2006,2043,2075,2090,2013,2019,2088,2071
15,2079,2064,2028,2040,2017,2028,2012,2066,2045,2053,2005,2089,2094,2041,2045,2077,2079,2064,2028,2040,2017,2028,2012,2066,2045,2053,2005,2089,2094,2041,2045,2077
16,2014,2042,2099,2047,2054,2027,2029,2007,2000,2060,2027,2084,2063,2007,2085,2029,2014,2042,2099,2047,2054,2027,2029,2007,2000,2060,2027,2084,2063,2007,2085,2029
17,2077,2004,2015,2000,2090,2051,2091,2014,2096,2070,2042,2025,2089,2068,2033,2008,2077,2004,2015,2000,2090,2051,2091,2014,2096,2070,2042,2025,2089,2068,2033,2008
18,2086,2083,2041,2009,2026,2015,2077,2063,2032,2019,2008,2092,2031,2049,2061,2038,2086,2083,2041,2009,2026,2015,2077,2063,2032,2019,2008,2092,2031,2049,2061,2038
19,2047,2088,2058,2059,2074,2009,2002,2019,2002,2058,2024,2068,2095,2022,2085,2007,2047,2088,2058,2059,2074,2009,2002,2019,2002,2058,2024,2068,2095,2022,2085,2007
20,2038,2068,2088,2050,2015,2000,2085,2085,2071,2085,2071,2083,2052,2076,2058,2016,2038,2068,2088,2050,2015,2000,2085,2085,2071,2085,2071,2083,2052,2076,2058,2016
21,2009,2059,2045,2034,2009,2080,2021,2040,2044,2064,2015,2098,2040,2098,2098,2026,2009,2059,2045,2034,2009,2080,2021,2040,2044,2064,2015,2098,2040,2098,2098,2026
22,2098,2090,2026,2008,2004,2038,2082,2009,2044,2095,2079,2020,2051,2065,2092,2069,2098,2090,2026,2008,2004,2038,2082,2009,2044,2095,2079,2020,2051,2065,2092,2069
23,2001,2076,2072,2037,2021,2063,2081,2029,2042,2042,2034,2095,2080,2001,2000,2038,2001,2076,2072,2037,2021,2063,2081,2029,2042,2042,2034,2095,2080,2001,2000,2038
24,2089,2069,2085,2063,2070,2046,2074,2058,2096,2045,2090,2044,2039,2027,2046,2089,2089,2069,2085,2063,2070,2046,2074,2058,2096,2045,2090,2044,2039,2027,2046,2089
25,2017,2066,2076,2021,2054,2087,2011,2008,2016,2087,2069,2078,2092,2099,2064,2076,2017,2066,2076,2021,2054,2087,2011,2008,2016,2087,2069,2078,2092,2099,2064,2076
26,2039,2002,2091,2047,2081,2044,2017,2031,2073,2063,2099,2092,2028,2092,2038,2076,2039,2002,2091,2047,2081,2044,2017,2031,2073,2063,2099,2092,2028,2092,2038,2076
27,2080,2100,2087,2034,2013,2003,2001,2016,2086,2029,2091,2076,2093,2024,2056,2011,2080,2100,2087,2034,2013,2003,2001,2016,2086,2029,2091,2076,2093,2024,2056,2011
28,2003,2071,2058,2019,2052,2017,2097,2014,2034,2025,2098,2067,2087,2046,2083,2033,2003,2071,2058,2019,2052,2017,2097,2014,2034,2025,2098,2067,2087,2046,2083,2033
29,2075,2006,2002,2089,2079,2016,2071,2053,2003,2084,2042,2041,2085,2026,2071,2033,2075,2006,2002,2089,2079,2016,2071,2053,2003,2084,2042,2041,2085,2026,2071,2033
30,2016,2032,2029,2087,2040,2035,2092,2053,2081,2058,2066,2057,2021,2048,2008,2004,2016,2032,2029,2087,2040,2035,2092,2053,2081,2058,2066,2057,2021,2048,2008,2004
31,2037,2082,2075,2098,2018,2013,2026,2014,2091,2013,2002,2041,2073,2020,2085,2001,2037,2082,2075,2098,2018,2013,2026,2014,2091,2013,2002,2041,2073,2020,2085,2001
32,2058,2008,2047,2061,2100,2010,2046,2067,2009,2098,2006,2081,2092,2030,2071,2038,2058,2008,2047,2061,2100,2010,2046,2067,2009,2098,2006,2081,2092,2030,2071,2038
33,2070,2037,2030,2068,2017,2100,2031,2021,2050,2027,2089,2031,2037,2002,2005,2056,2070,2037,2030,2068,2017,2100,2031,2021,2050,2027,2089,2031,2037,2002,2005,2056
34,2034,2078,2057,2086,2035,2093,2035,2075,2085,2016,2095,2092,2082,2061,2098,2010,2034,2078,2057,2086,2035,2093,2035,2075,2085,2016,2095,2092,2082,2061,2098,2010
35,2069,2056,2067,2059,2002,2000,2042,2000,2062,2041,2084,2075,2087,2007,2036,2080,2069,2056,2067,2059,2002,2000,2042,2000,2062,2041,2084,2075,2087,2007,2036,2080
36,2025,2072,2014,2061,2018,2027,2034,2003,2097,2090,2075,2044,2013,2074,2061,2040,2025,2072,2014,2061,2018,2027,2034,2003,2097,2090,2075,2044,2013,2074,2061,2040
37,2098,2067,2062,2060,2068,2096,2055,2014,2082,2038,2003,2020,2088,2040,2058,2078,2098,2067,2062,2060,2068,2096,2055,2014,2082,2038,2003,2020,2088,2040,2058,2078
38,2047,2067,2073,2008,2061,2087,2065,2004,2010,2046,2098,2036,2054,2035,2041,2017,2047,2067,2073,2008,2061,2087,2065,2004,2010,2046,2098,2036,2054,2035,2041,2017
39,2074,2041,2011,2040,2054,2003,2060,2032,2040,2071,2096,2062,2009,2001,2001,2028,2074,2041,2011,2040,2054,2003,2060,2032,2040,2071,2096,2062,2009,2001,2001,2028
40,2053,2058,2024,2028,2051,2022,2021,2006,2042,2065,2037,2011,2083,2055,2019,2041,2053,2058,2024,2028,2051,2022,2021,2006,2042,2065,2037,2011,2083,2055,2019,2041
41,2024,2038,2084,2056,2066,2094,2019,2042,2090,2092,2079,2019,2088,2059,2076,2037,2024,2038,2084,2056,2066,2094,2019,2042,2090,2092,2079,2019,2088,2059,2076,2037
42,2091,2028,2045,2082,2019,2038,2092,2067,2028,2024,2083,2040,2032,2079,2091,2064,2091,2028,2045,2082,2019,2038,2092,2067,2028,2024,2083,2040,2032,2079,2091,2064
43,2092,2059,2030,2078,2040,2072,2070,2040,2100,2045,2073,2080,2071,2100,2021,2066,2092,2059,2030,2078,2040,2072,2070,2040,2100,2045,2073,2080,2071,2100,2021,2066
44,2081,2071,2073,2077,2050,2066,2094,2055,2082,2032,2072,2037,2070,2096,2029,2000,2081,2071,2073,2077,2050,2066,2094,2055,2082,2032,2072,2037,2070,2096,2029,2000
45,2049,2098,2073,2008,2078,2054,2086,2084,2016,2011,2038,2054,2010,2092,2060,2100,2049,2098,2073,2008,2078,2054,2086,2084,2016,2011,2038,2054,2010,2092,2060,2100
46,2086,2040,2010,2004,2033,2092,2037,2021,2025,2090,2089,2040,2060,2062,2025,2035,2086,2040,2010,2004,2033,2092,2037,2021,2025,2090,2089,2040,2060,2062,2025,2035
47,2052,2000,2008,2003,2021,2056,2067,2051,2051,2075,2032,2048,2026,2096,2017,2049,2052,2000,2008,2003,2021,2056,2067,2051,2051,2075,2032,2048,2026,2096,2017,2049
48,2031,2054,2094,2065,2004,2034,2032,2001,2023,2066,2020,2066,2004,2051,2085,2027,2031,2054,2094,2065,2004,2034,2032,2001,2023,2066,2020,2066,2004,2051,2085,2027
49,2077,2053,2044,2050,2084,2015,2000,2044,2017,2039,2028,2043,2037,2068,2074,2098,2077,2053,2044,2050,2084,2015,2000,2044,2017,2039,2028,2043,2037,2068,2074,2098
50,2071,2001,2094,2087,2028,2000,2079,2070,2025,2053,2044,2074,2036,2004,2033,2083,2071,2001,2094,2087,2028,2000,2079,2070,2025,2053,2044,2074,2036,2004,2033,2083
51,2008,2051,2022,2045,2099,2089,2023,2036,2035,2055,2079,2064,2011,2045,2067,2065,2008,2051,2022,2045,2099,2089,2023,2036,2035,2055,2079,2064,2011,2045,2067,2065
52,2043,2076,2058,2024,2002,2100,2070,2058,2060,2004,2049,2034,2004,2080,2067,2048,2043,2076,2058,2024,2002,2100,2070,2058,2060,2004,2049,2034,2004,2080,2067,2048
53,2022,2071,2096,2054,2028,2005,2097,2092,2098,2054,2097,2054,2054,2023,2042,2027,2022,2071,2096,2054,2028,2005,2097,2092,2098,2054,2097,2054,2054,2023,2042,2027
54,2073,2033,2048,2020,2051,2046,2048,2079,2085,2081,2046,2013,2085,2008,2026,2070,2073,2033,2048,2020,2051,2046,2048,2079,2085,2081,2046,2013,2085,2008,2026,2070
55,2028,2015,2087,2068,2042,2087,2054,2072,2072,2088,2090,2002,2019,2043,2066,2003,2028,2015,2087,2068,2042,2087,2054,2072,2072,2088,2090,2002,2019,2043,2066,2003
56,2075,2032,2041,2095,2069,2064,2025,2025,2086,2009,2041,2082,2034,2051,2065,2003,2075,2032,2041,2095,2069,2064,2025,2025,2086,2009,2041,2082,2034,2051,2065,2003
57,2044,2054,2089,2067,2038,2013,2030,2098,2057,2043,2054,2071,2027,2041,2018,2036,2044,2054,2089,2067,2038,2013,2030,2098,2057,2043,2054,2071,2027,2041,2018,2036
58,2083,2043,2046,2085,2042,2070,2044,2027,2080,2095,2066,2098,2070,2014,2092,2100,2083,2043,2046,2085,2042,2070,2044,2027,2080,2095,2066,2098,2070,2014,2092,2100
59,2075,2011,2037,2060,2082,2047,2087,2053,2036,2008,2081,2034,2018,2082,2060,2096,2075,2011,2037,2060,2082,2047,2087,2053,2036,2008,2081,2034,2018,2082,2060,2096
60,2018,2076,2097,2032,2024,2075,2015,2020,2069,2095,2027,2043,2027,2081,2100,2057,2018,2076,2097,2032,2024,2075,2015,2020,2069,2095,2027,2043,2027,2081,2100,2057
61,2025,2068,2100,2005,2044,2100,2033,2081,2061,2011,2026,2076,2003,2061,2080,2081,2025,2068,2100,2005,2044,2100,2033,2081,2061,2011,2026,2076,2003,2061,2080,2081
62,2048,2064,2052,2046,2053,2021,2020,2083,2029,2084,2019,2031,2060,2014,2017,2027,2048,2064,2052,2046,2053,2021,2020,2083,2029,2084,2019,2031,2060,2014,2017,2027
63,2090,2009,2070,2037,2026,2039,2067,2064,2029,2018,2003,2030,2063,2039,2053,2041,2090,2009,2070,2037,2026,2039,2067,2064,2029,2018,2003,2030,2063,2039,2053,2041
64,2072,2087,2013,2090,2020,2065,2020,2089,2056,2022,2090,2097,2091,2034,2042,2066,2072,2087,2013,2090,2020,2065,2020,2089,2056,2022,2090,2097,2091,2034,2042,2066
65,2077,2047,2025,2025,2089,2067,2072,2063,2096,2028,2079,2050,2079,2074,2014,2025,2077,2047,2025,2025,2089,2067,2072,2063,2096,2028,2079,2050,2079,2074,2014,2025
66,2088,2007,2016,2011,2045,2011,2091,2000,2027,2051,2001,2015,2064,2030,2064,2018,2088,2007,2016,2011,2045,2011,2091,2000,2027,2051,2001,2015,2064,2030,2064,2018
67,2097,2022,2041,2028,2041,2076,2098,2091,2053,2091,2015,2027,2024,2034,2046,2031,2097,2022,2041,2028,2041,2076,2098,2091,2053,2091,2015,2027,2024,2034,2046,2031
68,2002,2019,2079,2018,2083,2016,2064,2022,2066,2002,2005,2066,2027,2013,2075,2052,2002,2019,2079,2018,2083,2016,2064,2022,2066,2002,2005,2066,2027,2013,2075,2052
69,2065,2061,2026,2012,2039,2010,2027,2050,2030,2032,2063,2053,2041,2021,2057,2065,2065,2061,2026,2012,2039,2010,2027,2050,2030,2032,2063,2053,2041,2021,2057,2065
70,2093,2003,2040,2040,2082,2014,2046,2086,2024,2019,2042,2098,2091,2060,2008,2075,2093,2003,2040,2040,2082,2014,2046,2086,2024,2019,2042,2098,2091,2060,2008,2075
71,2047,2044,2021,2041,2052,2092,2099,2026,2097,2070,2097,2032,2013,2039,2091,2029,2047,2044,2021,2041,2052,2092,2099,2026,2097,2070,2097,2032,2013,2039,2091,2029
72,2041,2017,2071,2080,2048,2008,2019,2045,2047,2057,2056,2010,2035,2027,2019,2030,2041,2017,2071,2080,2048,2008,2019,2045,2047,2057,2056,2010,2035,2027,2019,2030
73,2081,2049,2000,2061,2017,2028,2054,2017,2061,2020,2067,2039,2031,2081,2007,2025,2081,2049,2000,2061,2017,2028,2054,2017,2061,2020,2067,2039,2031,2081,2007,2025
74,2057,2096,2058,2019,2009,2001,2056,2094,2007,2079,2045,2041,2023,2046,2001,2044,2057,2096,2058,2019,2009,2001,2056,2094,2007,2079,2045,2041,2023,2046,2001,2044
75,2009,2067,2040,2051,2098,2062,2012,2054,2063,2038,2081,2028,2054,2083,2063,2090,2009,2067,2040,2051,2098,2062,2012,2054,2063,2038,2081,2028,2054,2083,2063,2090
76,2006,2093,2068,2075,2085,2074,2100,2016,2019,2045,2058,2057,2050,2098,2089,2032,2006,2093,2068,2075,2085,2074,2100,2016,2019,2045,2058,2057,2050,2098,2089,2032
77,2047,2081,2043,2079,2099,2074,2041,2010,2082,2049,2080,2070,2039,2018,2014,2000,2047,2081,2043,2079,2099,2074,2041,2010,2082,2049,2080,2070,2039,2018,2014,2000
78,2028,2007,2019,2024,2069,2044,2070,2048,2083,2013,2032,2014,2091,2041,2011,2054,2028,2007,2019,2024,2069,2044,2070,2048,2083,2013,2032,2014,2091,2041,2011,2054
79,2086,2034,2032,2016,2011,2026,2041,2095,2017,2041,2007,2057,2034,2031,2062,2074,2086,2034,2032,2016,2011,2026,2041,2095,2017,2041,2007,2057,2034,2031,2062,2074
80,2057,2067,2099,2059,2077,2091,2046,2032,2094,2028,2089,2086,2063,2008,2069,2008,2057,2067,2099,2059,2077,2091,2046,2032,2094,2028,2089,2086,2063,2008,2069,2008
81,2084,2059,2078,2020,2012,2085,2026,2020,2094,2046,2016,2080,2075,2079,2064,2004,2084,2059,2078,2020,2012,2085,2026,2020,2094,2046,2016,2080,2075,2079,2064,2004
82,2030,2085,2000,2097,2072,2075,2039,2100,2041,2100,2046,2068,2061,2049,2093,2092,2030,2085,2000,2097,2072,2075,2039,2100,2041,2100,2046,2068,2061,2049,2093,2092
83,2088,2100,2059,2091,2087,2097,2069,2092,2004,2024,2093,2068,2079,2020,2031,2088,2088,2100,2059,2091,2087,2097,2069,2092,2004,2024,2093,2068,2079,2020,2031,2088
84,2077,2051,2091,2100,2086,2081,2075,2002,2036,2030,2058,2013,2049,2069,2053,2042,2077,2051,2091,2100,2086,2081,2075,2002,2036,2030,2058,2013,2049,2069,2053,2042
85,2020,2065,2057,2093,2067,2044,2007,2060,2091,2099,2009,2073,2070,2041,2050,2005,2020,2065,2057,2093,2067,2044,2007,2060,2091,2099,2009,2073,2070,2041,2050,2005
86,2041,2026,2029,2029,2095,2056,2008,2037,2069,2015,2055,2057,2050,2053,2043,2080,2041,2026,2029,2029,2095,2056,2008,2037,2069,2015,2055,2057,2050,2053,2043,2080
87,2065,2026,2027,2039,2048,2088,2028,2089,2046,2043,2097,2009,2017,2033,2094,2084,2065,2026,2027,2039,2048,2088,2028,2089,2046,2043,2097,2009,2017,2033,2094,2084
88,2085,2064,2048,2012,2028,2012,2088,2047,2026,2069,2042,2049,2049,2084,2015,2018,2085,2064,2048,2012,2028,2012,2088,2047,2026,2069,2042,2049,2049,2084,2015,2018
89,2041,2078,2025,2006,2085,2033,2091,2074,2097,2060,2024,2005,2058,2073,2003,2058,2041,2078,2025,2006,2085,2033,2091,2074,2097,2060,2024,2005,2058,2073,2003,2058
90,2039,2002,2080,2027,2095,2049,2098,2029,2076,2073,2082,2025,2096,2054,2079,2018,2039,2002,2080,2027,2095,2049,2098,2029,2076,2073,2082,2025,2096,2054,2079,2018
91,2095,2040,2099,2033,2028,2011,2076,2071,2089,2075,2000,2096,2062,2098,2053,2082,2095,2040,2099,2033,2028,2011,2076,2071,2089,2075,2000,2096,2062,2098,2053,2082
92,2046,2056,2053,2035,2094,2015,2084,2005,2073,2039,2037,2049,2064,2043,2023,2054,2046,2056,2053,2035,2094,2015,2084,2005,2073,2039,2037,2049,2064,2043,2023,2054
93,2078,2052,2044,2066,2002,2095,2086,2004,2093,2041,2067,2076,2052,2034,2096,2077,2078,2052,2044,2066,2002,2095,2086,2004,2093,2041,2067,2076,2052,2034,2096,2077
94,2009,2000,2062,2079,2054,2001,2005,2066,2085,2065,2049,2076,2055,2070,2041,2028,2009,2000,2062,2079,2054,2001,2005,2066,2085,2065,2049,2076,2055,2070,2041,2028
95,2064,2045,2039,2013,2042,2017,2019,2053,2063,2012,2010,2061,2028,2084,2042,2081,2064,2045,2039,2013,2042,2017,2019,2053,2063,2012,2010,2061,2028,2084,2042,2081
96,2033,2065,2080,2060,2013,2071,2032,2061,2010,2085,2026,2048,2032,2008,2050,2009,2033,2065,2080,2060,2013,2071,2032,2061,2010,2085,2026,2048,2032,2008,2050,2009
97,2010,2095,2000,2051,2009,2056,2071,2000,2008,2007,2050,2001,2067,2037,2020,2012,2010,2095,2000,2051,2009,2056,2071,2000,2008,2007,2050,2001,2067,2037,2020,2012
98,2041,2062,2037,2085,2061,2079,2004,2026,2100,2030,2038,2048,2094,2017,2096,2002,2041,2062,2037,2085,2061,2079,2004,2026,2100,2030,2038,2048,2094,2017,2096,2002
99,2006,2023,2025,2021,2060,2062,2053,2095,2060,2094,2024,2073,2077,2031,2099,2054,2006,2023,2025,2021,2060,2062,2053,2095,2060,2094,2024,2073,2077,2031,2099,2054
100,2073,2052,2056,2055,2057,2079,2011,2078,2055,2016,2032,2004,2009,2086,2047,2044,2073,2052,2056,2055,2057,2079,2011,2078,2055,2016,2032,2004,2009,2086,2047,2044
101,2028,2054,2072,2079,2077,2094,2007,2073,2031,2048,2061,2003,2063,2084,2094,2086,2028,2054,2072,2079,2077,2094,2007,2073,2031,2048,2061,2003,2063,2084,2094,2086
102,2028,2050,2034,2099,2096,2093,2032,2027,2022,2010,2099,2010,2014,2094,2002,2021,2028,2050,2034,2099,2096,2093,2032,2027,2022,2010,2099,2010,2014,2094,2002,2021
103,2071,2036,2059,2026,2013,2025,2059,2028,2029,2028,2006,2009,2096,2035,2029,2030,2071,2036,2059,2026,2013,2025,2059,2028,2029,2028,2006,2009,2096,2035,2029,2030
104,2090,2054,2095,2073,2067,2057,2084,2058,2062,2058,2042,2042,2025,2018,2037,2044,2090,2054,2095,2073,2067,2057,2084,2058,2062,2058,2042,2042,2025,2018,2037,2044
105,2048,2020,2075,2018,2020,2020,2069,2027,2034,2045,2086,2087,2068,2088,2065,2018,2048,2020,2075,2018,2020,2020,2069,2027,2034,2045,2086,2087,2068,2088,2065,2018
106,2025,2092,2066,2088,2005,2016,2041,2094,2099,2069,2095,2003,2008,2005,2070,2045,2025,2092,2066,2088,2005,2016,2041,2094,2099,2069,2095,2003,2008,2005,2070,2045
107,2082,2007,2009,2045,2057,2035,2099,2047,2065,2071,2014,2018,2043,2085,2017,2046,2082,2007,2009,2045,2057,2035,2099,2047,2065,2071,2014,2018,2043,2085,2017,2046
108,2077,2027,2063,2009,2002,2066,2085,2095,2055,2093,2047,2081,2086,2013,2062,2033,2077,2027,2063,2009,2002,2066,2085,2095,2055,2093,2047,2081,2086,2013,2062,2033
109,2005,2053,2062,2009,2033,2032,2077,2059,2008,2051,2056,2030,2081,2076,2053,2100,2005,2053,2062,2009,2033,2032,2077,2059,2008,2051,2056,2030,2081,2076,2053,2100
110,2053,2005,2099,2081,2085,2041,2086,2018,2087,2041,2012,2100,2094,2088,2095,2068,2053,2005,2099,2081,2085,2041,2086,2018,2087,2041,2012,2100,2094,2088,2095,2068
111,2068,2014,2039,2063,2048,2055,2046,2039,2024,2032,2048,2027,2043,2008,2085,2075,2068,2014,2039,2063,2048,2055,2046,2039,2024,2032,2048,2027,2043,2008,2085,2075
112,2002,2047,2082,2083,2044,2007,2078,2079,2048,2003,2048,2093,2038,2058,2058,2011,2002,2047,2082,2083,2044,2007,2078,2079,2048,2003,2048,2093,2038,2058,2058,2011
113,2010,2015,2059,2089,2019,2090,2024,2059,2051,2066,2078,2068,2071,2095,2032,2032,2010,2015,2059,2089,2019,2090,2024,2059,2051,2066,2078,2068,2071,2095,2032,2032
114,2049,2033,2045,2067,2021,2097,2082,2039,2051,2082,2065,2028,2025,2086,2082,2054,2049,2033,2045,2067,2021,2097,2082,2039,2051,2082,2065,2028,2025,2086,2082,2054
115,2099,2017,2031,2030,2027,2039,2051,2050,2049,2030,2073,2063,2004,2004,2087,2039,2099,2017,2031,2030,2027,2039,2051,2050,2049,2030,2073,2063,2004,2004,2087,2039
116,2017,2041,2038,2098,2019,2092,2004,2068,2046,2077,2009,2002,2063,2037,2032,2069,2017,2041,2038,2098,2019,2092,2004,2068,2046,2077,2009,2002,2063,2037,2032,2069
117,2059,2086,2038,2076,2001,2013,2097,2085,2012,2055,2002,2023,2024,2041,2030,2030,2059,2086,2038,2076,2001,2013,2097,2085,2012,2055,2002,2023,2024,2041,2030,2030
118,2019,2056,2048,2055,2035,2029,2045,2088,2060,2000,2067,2038,2049,2000,2075,2078,2019,2056,2048,2055,2035,2029,2045,2088,2060,2000,2067,2038,2049,2000,2075,2078
119,2059,2006,2003,2050,2098,2057,2000,2062,2074,2020,2058,2000,2061,2036,2088,2088,2059,2006,2003,2050,2098,2057,2000,2062,2074,2020,2058,2000,2061,2036,2088,2088
120,2053,2003,2099,2098,2037,2080,2017,2008,2037,2038,2005,2003,2017,2054,2022,2065,2053,2003,2099,2098,2037,2080,2017,2008,2037,2038,2005,2003,2017,2054,2022,2065
121,2048,2000,2002,2055,2054,2083,2098,2083,2033,2096,2005,2010,2085,2072,2065,2099,2048,2000,2002,2055,2054,2083,2098,2083,2033,2096,2005,2010,2085,2072,2065,2099
122,2027,2082,2068,2016,2012,2023,2006,2004,2046,2084,2002,2011,2046,2041,2044,2024,2027,2082,2068,2016,2012,2023,2006,2004,2046,2084,2002,2011,2046,2041,2044,2024
123,2074,2023,2018,2092,2090,2031,2053,2087,2025,2014,2006,2062,2071,2037,2093,2013,2074,2023,2018,2092,2090,2031,2053,2087,2025,2014,2006,2062,2071,2037,2093,2013
124,2058,2083,2062,2063,2024,2075,2037,2073,2017,2062,2015,2051,2067,2049,2092,2032,2058,2083,2062,2063,2024,2075,2037,2073,2017,2062,2015,2051,2067,2049,2092,2032
125,2099,2036,2087,2092,2002,2000,2029,2044,2029,2022,2045,2058,2086,2031,2016,2036,2099,2036,2087,2092,2002,2000,2029,2044,2029,2022,2045,2058,2086,2031,2016,2036
126,2078,2019,2057,2072,2017,2091,2061,2093,2029,2039,2001,2022,2098,2057,2068,2054,2078,2019,2057,2072,2017,2091,2061,2093,2029,2039,2001,2022,2098,2057,2068,2054
127,2012,2072,2079,2098,2032,2049,2014,2082,2089,2037,2098,2001,2024,2040,2003,2039,2012,2072,2079,2098,2032,2049,2014,2082,2089,2037,2098,2001,2024,2040,2003,2039
128,2089,2034,2059,2075,2021,2074,2052,2051,2035,2096,2057,2025,2020,2026,2042,2093,2089,2034,2059,2075,2021,2074,2052,2051,2035,2096,2057,2025,2020,2026,2042,2093
129,2010,2095,2096,2084,2054,2079,2011,2009,2013,2084,2072,2014,2018,2008,2016,2095,2010,2095,2096,2084,2054,2079,2011,2009,2013,2084,2072,2014,2018,2008,2016,2095
130,2076,2041,2000,2042,2045,2028,2018,2030,2071,2000,2090,2088,2017,2087,2040,2090,2076,2041,2000,2042,2045,2028,2018,2030,2071,2000,2090,2088,2017,2087,2040,2090
131,2087,2036,2092,2018,2048,2017,2074,2083,2060,2004,2054,2037,2098,2044,2061,2071,2087,2036,2092,2018,2048,2017,2074,2083,2060,2004,2054,2037,2098,2044,2061,2071
132,2011,2051,2089,2096,2021,2060,2004,2039,2077,2001,2021,2094,2094,2031,2017,2071,2011,2051,2089,2096,2021,2060,2004,2039,2077,2001,2021,2094,2094,2031,2017,2071
133,2018,2064,2060,2074,2089,2029,2003,2039,2046,2053,2044,2039,2037,2006,2051,2075,2018,2064,2060,2074,2089,2029,2003,2039,2046,2053,2044,2039,2037,2006,2051,2075
134,2066,2093,2039,2092,2078,2079,2094,2083,2003,2096,2045,2046,2069,2025,2063,2006,2066,2093,2039,2092,2078,2079,2094,2083,2003,2096,2045,2046,2069,2025,2063,2006
135,2039,2054,2080,2085,2073,2044,2079,2028,2048,2061,2023,2048,2029,2060,2081,2026,2039,2054,2080,2085,2073,2044,2079,2028,2048,2061,2023,2048,2029,2060,2081,2026
136,2096,2040,2031,2082,2060,2014,2084,2044,2088,2053,2001,2001,2032,2040,2087,2032,2096,2040,2031,2082,2060,2014,2084,2044,2088,2053,2001,2001,2032,2040,2087,2032
137,2053,2050,2002,2017,2065,2093,2023,2072,2081,2038,2081,2002,2054,2082,2026,2032,2053,2050,2002,2017,2065,2093,2023,2072,2081,2038,2081,2002,2054,2082,2026,2032
138,2041,2072,2071,2024,2056,2046,2075,2044,2084,2062,2098,2011,2099,2076,2008,2017,2041,2072,2071,2024,2056,2046,2075,2044,2084,2062,2098,2011,2099,2076,2008,2017
139,2010,2019,2027,2069,2000,2095,2096,2006,2065,2098,2058,2014,2027,2035,2003,2002,2010,2019,2027,2069,2000,2095,2096,2006,2065,2098,2058,2014,2027,2035,2003,2002
140,2068,2027,2059,2049,2032,2001,2016,2073,2012,2063,2050,2013,2067,2089,2079,2076,2068,2027,2059,2049,2032,2001,2016,2073,2012,2063,2050,2013,2067,2089,2079,2076
141,2009,2069,2034,2089,2017,2043,2017,2099,2085,2050,2008,2040,2041,2072,2006,2066,2009,2069,2034,2089,2017,2043,2017,2099,2085,2050,2008,2040,2041,2072,2006,2066
142,2072,2033,2045,2100,2089,2031,2081,2020,2033,2032,2086,2003,2054,2022,2071,2022,2072,2033,2045,2100,2089,2031,2081,2020,2033,2032,2086,2003,2054,2022,2071,2022
143,2040,2085,2054,2094,2047,2074,2092,2001,2063,2012,2004,2068,2032,2088,2037,2011,2040,2085,2054,2094,2047,2074,2092,2001,2063,2012,2004,2068,2032,2088,2037,2011
144,2021,2057,2014,2040,2100,2059,2070,2082,2099,2053,2085,2039,2097,2052,2010,2099,2021,2057,2014,2040,2100,2059,2070,2082,2099,2053,2085,2039,2097,2052,2010,2099
145,2008,2027,2097,2013,2087,2066,2068,2078,2052,2006,2002,2083,2012,2062,2026,2036,2008,2027,2097,2013,2087,2066,2068,2078,2052,2006,2002,2083,2012,2062,2026,2036
146,2007,2089,2083,2088,2046,2018,2025,2089,2054,2023,2088,2011,2072,2097,2008,2037,2007,2089,2083,2088,2046,2018,2025,2089,2054,2023,2088,2011,2072,2097,2008,2037
147,2020,2041,2084,2100,2027,2027,2063,2066,2050,2067,2015,2013,2041,2039,2025,2056,2020,2041,2084,2100,2027,2027,2063,2066,2050,2067,2015,2013,2041,2039,2025,2056
148,2039,2001,2002,2018,2080,2050,2081,2076,2056,2029,2016,2064,2024,2028,2088,2002,2039,2001,2002,2018,2080,2050,2081,2076,2056,2029,2016,2064,2024,2028,2088,2002
149,2023,2002,2009,2030,2007,2025,2047,2057,2092,2087,2093,2065,2008,2094,2015,2054,2023,2002,2009,2030,2007,2025,2047,2057,2092,2087,2093,2065,2008,2094,2015,2054
150,2055,2036,2044,2067,2016,2071,2051,2021,2027,2023,2052,2071,2043,2016,2094,2079,2055,2036,2044,2067,2016,2071,2051,2021,2027,2023,2052,2071,2043,2016,2094,2079
151,2049,2086,2021,2015,2016,2026,2072,2064,2096,2065,2091,2080,2082,2011,2000,2065,2049,2086,2021,2015,2016,2026,2072,2064,2096,2065,2091,2080,2082,2011,2000,2065
152,2060,2100,2100,2033,2099,2024,2094,2031,2048,2014,2028,2093,2003,2001,2019,2007,2060,2100,2100,2033,2099,2024,2094,2031,2048,2014,2028,2093,2003,2001,2019,2007
153,2088,2055,2073,2027,2013,2077,2081,2013,2016,2098,2066,2077,2078,2017,2024,2007,2088,2055,2073,2027,2013,2077,2081,2013,2016,2098,2066,2077,2078,2017,2024,2007
154,2099,2000,2012,2088,2099,2067,2006,2029,2014,2082,2047,2037,2014,2055,2049,2092,2099,2000,2012,2088,2099,2067,2006,2029,2014,2082,2047,2037,2014,2055,2049,2092
155,2048,2099,2084,2066,2084,2056,2053,2037,2097,2006,2099,2027,2022,2080,2066,2080,2048,2099,2084,2066,2084,2056,2053,2037,2097,2006,2099,2027,2022,2080,2066,2080
156,2079,2100,2050,2042,2049,2005,2071,2021,2073,2084,2022,2066,2049,2042,2007,2056,2079,2100,2050,2042,2049,2005,2071,2021,2073,2084,2022,2066,2049,2042,2007,2056
157,2061,2066,2096,2000,2041,2026,2077,2065,2075,2051,2007,2004,2084,2031,2082,2078,2061,2066,2096,2000,2041,2026,2077,2065,2075,2051,2007,2004,2084,2031,2082,2078
158,2080,2084,2078,2086,2066,2080,2005,2070,2059,2090,2044,2065,2068,2002,2013,2094,2080,2084,2078,2086,2066,2080,2005,2070,2059,2090,2044,2065,2068,2002,2013,2094
159,2063,2001,2011,2026,2074,2094,2007,2035,2084,2026,2066,2044,2045,2059,2013,2032,2063,2001,2011,2026,2074,2094,2007,2035,2084,2026,2066,2044,2045,2059,2013,2032
160,2042,2057,2035,2055,2041,2087,2006,2065,2089,2073,2063,2007,2073,2018,2082,2089,2042,2057,2035,2055,2041,2087,2006,2065,2089,2073,2063,2007,2073,2018,2082,2089
161,2029,2046,2013,2015,2059,2030,2091,2029,2019,2026,2054,2069,2074,2086,2022,2072,2029,2046,2013,2015,2059,2030,2091,2029,2019,2026,2054,2069,2074,2086,2022,2072
162,2043,2092,2055,2081,2004,2053,2064,2015,2090,2032,2003,2072,2090,2064,2036,2066,2043,2092,2055,2081,2004,2053,2064,2015,2090,2032,2003,2072,2090,2064,2036,2066
163,2093,2006,2036,2089,2092,2053,2048,2078,2006,2055,2083,2055,2082,2088,2042,2096,2093,2006,2036,2089,2092,2053,2048,2078,2006,2055,2083,2055,2082,2088,2042,2096
164,2050,2028,2049,2032,2018,2075,2037,2067,2054,2072,2073,2020,2085,2064,2000,2030,2050,2028,2049,2032,2018,2075,2037,2067,2054,2072,2073,2020,2085,2064,2000,2030
165,2075,2062,2065,2065,2034,2065,2035,2031,2022,2015,2085,2009,2016,2100,2016,2021,2075,2062,2065,2065,2034,2065,2035,2031,2022,2015,2085,2009,2016,2100,2016,2021
166,2007,2013,2074,2065,2048,2056,2025,2012,2046,2006,2056,2072,2005,2053,2098,2032,2007,2013,2074,2065,2048,2056,2025,2012,2046,2006,2056,2072,2005,2053,2098,2032
167,2078,2016,2006,2019,2080,2053,2067,2015,2083,2005,2066,2032,2063,2048,2074,2003,2078,2016,2006,2019,2080,2053,2067,2015,2083,2005,2066,2032,2063,2048,2074,2003
168,2022,2016,2099,2072,2071,2097,2078,2034,2045,2017,2036,2061,2087,2051,2052,2068,2022,2016,2099,2072,2071,2097,2078,2034,2045,2017,2036,2061,2087,2051,2052,2068
169,2080,2063,2087,2031,2013,2020,2012,2026,2091,2029,2088,2071,2007,2083,2064,2080,2080,2063,2087,2031,2013,2020,2012,2026,2091,2029,2088,2071,2007,2083,2064,2080
170,2021,2021,2049,2003,2018,2070,2067,2012,2014,2092,2040,2039,2090,2027,2048,2040,2021,2021,2049,2003,2018,2070,2067,2012,2014,2092,2040,2039,2090,2027,2048,2040
171,2069,2085,2086,2055,2000,2023,2075,2032,2060,2092,2064,2037,2017,2094,2005,2052,2069,2085,2086,2055,2000,2023,2075,2032,2060,2092,2064,2037,2017,2094,2005,2052
172,2027,2030,2084,2081,2036,2028,2029,2084,2022,2023,2087,2044,2009,2016,2033,2034,2027,2030,2084,2081,2036,2028,2029,2084,2022,2023,2087,2044,2009,2016,2033,2034
173,2035,2008,2079,2023,2042,2060,2029,2013,2089,2047,2069,2025,2076,2087,2072,2038,2035,2008,2079,2023,2042,2060,2029,2013,2089,2047,2069,2025,2076,2087,2072,2038
174,2008,2100,2088,2000,2042,2095,2088,2099,2007,2068,2016,2076,2043,2046,2002,2003,2008,2100,2088,2000,2042,2095,2088,2099,2007,2068,2016,2076,2043,2046,2002,2003
175,2024,2028,2093,2091,2005,2081,2080,2037,2000,2037,2047,2009,2048,2003,2058,2026,2024,2028,2093,2091,2005,2081,2080,2037,2000,2037,2047,2009,2048,2003,2058,2026
176,2100,2006,2060,2080,2099,2056,2051,2026,2018,2005,2014,2090,2042,2047,2054,2025,2100,2006,2060,2080,2099,2056,2051,2026,2018,2005,2014,2090,2042,2047,2054,2025
177,2032,2096,2055,2004,2083,2053,2073,2069,2028,2075,2007,2052,2096,2037,2018,2018,2032,2096,2055,2004,2083,2053,2073,2069,2028,2075,2007,2052,2096,2037,2018,2018
178,2051,2073,2095,2066,2049,2059,2091,2096,2019,2080,2021,2046,2087,2095,2040,2041,2051,2073,2095,2066,2049,2059,2091,2096,2019,2080,2021,2046,2087,2095,2040,2041
179,2006,2018,2062,2047,2064,2066,2077,2070,2038,2058,2021,2057,2064,2047,2026,2078,2006,2018,2062,2047,2064,2066,2077,2070,2038,2058,2021,2057,2064,2047,2026,2078
180,2063,2089,2053,2068,2068,2089,2016,2087,2086,2003,2071,2047,2070,2036,2070,2080,2063,2089,2053,2068,2068,2089,2016,2087,2086,2003,2071,2047,2070,2036,2070,2080
181,2041,2005,2100,2059,2032,2046,2074,2049,2002,2035,2015,2012,2029,2004,2095,2025,2041,2005,2100,2059,2032,2046,2074,2049,2002,2035,2015,2012,2029,2004,2095,2025
182,2037,2021,2058,2081,2061,2098,2046,2016,2037,2051,2034,2068,2052,2041,2067,2035,2037,2021,2058,2081,2061,2098,2046,2016,2037,2051,2034,2068,2052,2041,2067,2035
183,2024,2099,2005,2011,2069,2078,2002,2061,2056,2079,2018,2025,2006,2002,2070,2032,2024,2099,2005,2011,2069,2078,2002,2061,2056,2079,2018,2025,2006,2002,2070,2032
184,2029,2040,2064,2021,2014,2070,2005,2053,2096,2089,2068,2089,2091,2055,2086,2080,2029,2040,2064,2021,2014,2070,2005,2053,2096,2089,2068,2089,2091,2055,2086,2080
185,2041,2025,2019,2059,2003,2049,2012,2038,2075,2005,2094,2084,2055,2053,2042,2042,2041,2025,2019,2059,2003,2049,2012,2038,2075,2005,2094,2084,2055,2053,2042,2042
186,2019,2039,2072,2032,2003,2092,2076,2088,2091,2050,2071,2040,2045,2062,2075,2074,2019,2039,2072,2032,2003,2092,2076,2088,2091,2050,2071,2040,2045,2062,2075,2074
187,2025,2030,2059,2034,2039,2056,2077,2065,2069,2051,2057,2053,2025,2099,2057,2017,2025,2030,2059,2034,2039,2056,2077,2065,2069,2051,2057,2053,2025,2099,2057,2017
188,2043,2093,2061,2026,2040,2062,2083,2049,2053,2092,2020,2076,2052,2087,2081,2036,2043,2093,2061,2026,2040,2062,2083,2049,2053,2092,2020,2076,2052,2087,2081,2036
189,2034,2080,2007,2059,2094,2090,2026,2087,2036,2019,2088,2029,2058,2057,2030,2021,2034,2080,2007,2059,2094,2090,2026,2087,2036,2019,2088,2029,2058,2057,2030,2021
190,2097,2032,2014,2042,2028,2090,2100,2076,2042,2070,2070,2023,2051,2008,2064,2100,2097,2032,2014,2042,2028,2090,2100,2076,2042,2070,2070,2023,2051,2008,2064,2100
191,2100,2027,2094,2080,2078,2027,2096,2076,2005,2052,2034,2100,2058,2097,2000,2018,2100,2027,2094,2080,2078,2027,2096,2076,2005,2052,2034,2100,2058,2097,2000,2018
192,2060,2073,2039,2096,2058,2063,2057,2011,2004,2018,2092,2078,2000,2058,2003,2067,2060,2073,2039,2096,2058,2063,2057,2011,2004,2018,2092,2078,2000,2058,2003,2067
193,2060,2076,2006,2073,2003,2074,2079,2002,2071,2079,2098,2085,2084,2046,2000,2076,2060,2076,2006,2073,2003,2074,2079,2002,2071,2079,2098,2085,2084,2046,2000,2076
194,2078,2072,2027,2060,2060,2066,2011,2091,2054,2088,2062,2030,2055,2006,2084,2027,2078,2072,2027,2060,2060,2066,2011,2091,2054,2088,2062,2030,2055,2006,2084,2027
195,2095,2043,2025,2021,2093,2027,2093,2006,2092,2095,2019,2027,2032,2066,2018,2019,2095,2043,2025,2021,2093,2027,2093,2006,2092,2095,2019,2027,2032,2066,2018,2019
196,2024,2048,2023,2088,2000,2022,2091,2057,2094,2010,2072,2007,2058,2014,2048,2040,2024,2048,2023,2088,2000,2022,2091,2057,2094,2010,2072,2007,2058,2014,2048,2040
197,2013,2098,2059,2028,2012,2066,2027,2000,2051,2052,2052,2029,2015,2020,2056,2023,2013,2098,2059,2028,2012,2066,2027,2000,2051,2052,2052,2029,2015,2020,2056,2023
198,2047,2042,2019,2063,2097,2011,2095,2077,2004,2075,2081,2034,2089,2002,2093,2036,2047,2042,2019,2063,2097,2011,2095,2077,2004,2075,2081,2034,2089,2002,2093,2036
199,2047,2033,2002,2065,2062,2015,2034,2006,2018,2010,2021,2060,2001,2083,2065,2031,2047,2033,2002,2065,2062,2015,2034,2006,2018,2010,2021,2060,2001,2083,2065,2031
200,2014,2065,2063,2075,2013,2028,2006,2051,2091,2067,2023,2006,2076,2030,2057,2005,2014,2065,2063,2075,2013,2028,2006,2051,2091,2067,2023,2006,2076,2030,2057,2005
201,2097,2030,2016,2038,2064,2100,2087,2037,2010,2025,2014,2073,2033,2093,2062,2093,2097,2030,2016,2038,2064,2100,2087,2037,2010,2025,2014,2073,2033,2093,2062,2093
202,2032,2041,2099,2047,2049,2000,2076,2003,2077,2051,2089,2072,2060,2093,2100,2042,2032,2041,2099,2047,2049,2000,2076,2003,2077,2051,2089,2072,2060,2093,2100,2042
203,2100,2070,2040,2051,2044,2073,2016,2065,2028,2061,2003,2058,2056,2071,2029,2006,2100,2070,2040,2051,2044,2073,2016,2065,2028,2061,2003,2058,2056,2071,2029,2006
204,2021,2095,2044,2003,2094,2043,2010,2091,2017,2076,2087,2036,2003,2035,2072,2097,2021,2095,2044,2003,2094,2043,2010,2091,2017,2076,2087,2036,2003,2035,2072,2097
205,2059,2093,2007,2088,2092,2074,2017,2094,2078,2098,2027,2099,2062,2067,2099,2018,2059,2093,2007,2088,2092,2074,2017,2094,2078,2098,2027,2099,2062,2067,2099,2018
206,2052,2028,2009,2082,2011,2017,2062,2087,2077,2096,2051,2084,2097,2031,2099,2000,2052,2028,2009,2082,2011,2017,2062,2087,2077,2096,2051,2084,2097,2031,2099,2000
207,2065,2078,2040,2014,2057,2043,2009,2078,2071,2002,2093,2074,2082,2037,2072,2077,2065,2078,2040,2014,2057,2043,2009,2078,2071,2002,2093,2074,2082,2037,2072,2077
208,2035,2014,2083,2036,2021,2072,2035,2027,2050,2079,2020,2100,2031,2100,2054,2083,2035,2014,2083,2036,2021,2072,2035,2027,2050,2079,2020,2100,2031,2100,2054,2083
209,2010,2075,2060,2029,2046,2094,2020,2013,2061,2092,2022,2079,2075,2018,2049,2070,2010,2075,2060,2029,2046,2094,2020,2013,2061,2092,2022,2079,2075,2018,2049,2070
210,2076,2056,2026,2026,2074,2041,2054,2092,2032,2024,2000,2091,2031,2078,2006,2092,2076,2056,2026,2026,2074,2041,2054,2092,2032,2024,2000,2091,2031,2078,2006,2092
211,2060,2040,2090,2077,2025,2083,2048,2004,2003,2096,2091,2038,2064,2042,2045,2038,2060,2040,2090,2077,2025,2083,2048,2004,2003,2096,2091,2038,2064,2042,2045,2038
212,2055,2096,2041,2068,2032,2083,2094,2005,2078,2057,2056,2026,2084,2013,2038,2011,2055,2096,2041,2068,2032,2083,2094,2005,2078,2057,2056,2026,2084,2013,2038,2011
213,2039,2048,2085,2000,2026,2035,2093,2006,2065,2044,2076,2085,2075,2012,2017,2036,2039,2048,2085,2000,2026,2035,2093,2006,2065,2044,2076,2085,2075,2012,2017,2036
214,2060,2062,2035,2008,2010,2021,2082,2045,2031,2040,2033,2042,2090,2090,2007,2046,2060,2062,2035,2008,2010,2021,2082,2045,2031,2040,2033,2042,2090,2090,2007,2046
215,2007,2070,2026,2030,2048,2000,2022,2061,2058,2036,2028,2072,2035,2076,2003,2058,2007,2070,2026,2030,2048,2000,2022,2061,2058,2036,2028,2072,2035,2076,2003,2058
216,2077,2069,2070,2002,2020,2071,2000,2073,2073,2032,2010,2028,2080,2003,2006,2056,2077,2069,2070,2002,2020,2071,2000,2073,2073,2032,2010,2028,2080,2003,2006,2056
217,2094,2039,2046,2011,2029,2062,2068,2085,2099,2080,2096,2052,2081,2007,2063,2004,2094,2039,2046,2011,2029,2062,2068,2085,2099,2080,2096,2052,2081,2007,2063,2004
218,2053,2012,2065,2095,2035,2038,2082,2063,2079,2075,2037,2051,2040,2075,2000,2008,2053,2012,2065,2095,2035,2038,2082,2063,2079,2075,2037,2051,2040,2075,2000,2008
219,2037,2046,2046,2033,2038,2020,2007,2053,2040,2012,2068,2087,2047,2014,2035,2010,2037,2046,2046,2033,2038,2020,2007,2053,2040,2012,2068,2087,2047,2014,2035,2010
220,2062,2024,2051,2052,2091,2058,2066,2032,2035,2048,2006,2098,2004,2080,2027,2085,2062,2024,2051,2052,2091,2058,2066,2032,2035,2048,2006,2098,2004,2080,2027,2085
221,2016,2010,2005,2090,2086,2050,2004,2085,2005,2037,2098,2097,2020,2031,2006,2100,2016,2010,2005,2090,2086,2050,2004,2085,2005,2037,2098,2097,2020,2031,2006,2100
222,2016,2082,2088,2052,2026,2054,2073,2042,2004,2065,2069,2002,2060,2088,2037,2038,2016,2082,2088,2052,2026,2054,2073,2042,2004,2065,2069,2002,2060,2088,2037,2038
223,2043,2026,2086,2059,2032,2060,2093,2077,2020,2025,2011,2083,2070,2094,2035,2045,2043,2026,2086,2059,2032,2060,2093,2077,2020,2025,2011,2083,2070,2094,2035,2045
224,2082,2059,2032,2010,2094,2015,2091,2068,2074,2097,2071,2072,2036,2078,2078,2088,2082,2059,2032,2010,2094,2015,2091,2068,2074,2097,2071,2072,2036,2078,2078,2088
225,2095,2096,2080,2056,2020,2023,2004,2052,2086,2083,2002,2097,2016,2025,2080,2041,2095,2096,2080,2056,2020,2023,2004,2052,2086,2083,2002,2097,2016,2025,2080,2041
226,2089,2017,2000,2057,2097,2045,2083,2052,2042,2040,2024,2008,2090,2050,2001,2044,2089,2017,2000,2057,2097,2045,2083,2052,2042,2040,2024,2008,2090,2050,2001,2044
227,2056,2053,2096,2041,2078,2076,2016,2051,2064,2075,2011,2070,2084,2075,2050,2051,2056,2053,2096,2041,2078,2076,2016,2051,2064,2075,2011,2070,2084,2075,2050,2051
228,2064,2052,2066,2062,2041,2072,2038,2025,2093,2057,2072,2074,2099,2010,2011,2038,2064,2052,2066,2062,2041,2072,2038,2025,2093,2057,2072,2074,2099,2010,2011,2038
229,2088,2059,2066,2061,2052,2017,2042,2098,2001,2018,2051,2070,2069,2085,2031,2043,2088,2059,2066,2061,2052,2017,2042,2098,2001,2018,2051,2070,2069,2085,2031,2043
230,2077,2033,2054,2026,2072,2042,2005,2043,2049,2014,2027,2064,2092,2027,2009,2051,2077,2033,2054,2026,2072,2042,2005,2043,2049,2014,2027,2064,2092,2027,2009,2051
231,2086,2017,2079,2062,2027,2021,2007,2029,2009,2020,2074,2039,2017,2036,2031,2034,2086,2017,2079,2062,2027,2021,2007,2029,2009,2020,2074,2039,2017,2036,2031,2034
232,2093,2000,2061,2009,2007,2024,2043,2001,2012,2007,2059,2065,2005,2009,2046,2067,2093,2000,2061,2009,2007,2024,2043,2001,2012,2007,2059,2065,2005,2009,2046,2067
233,2099,2062,2066,2016,2050,2017,2040,2069,2017,2046,2003,2070,2002,2019,2013,2091,2099,2062,2066,2016,2050,2017,2040,2069,2017,2046,2003,2070,2002,2019,2013,2091
234,2000,2094,2048,2085,2095,2013,2043,2048,2030,2016,2080,2041,2030,2030,2077,2011,2000,2094,2048,2085,2095,2013,2043,2048,2030,2016,2080,2041,2030,2030,2077,2011
235,2063,2089,2028,2024,2037,2076,2062,2062,2017,2097,2059,2041,2021,2081,2059,2036,2063,2089,2028,2024,2037,2076,2062,2062,2017,2097,2059,2041,2021,2081,2059,2036
236,2033,2055,2055,2022,2014,2045,2078,2075,2033,2083,2021,2065,2057,2067,2092,2072,2033,2055,2055,2022,2014,2045,2078,2075,2033,2083,2021,2065,2057,2067,2092,2072
237,2034,2014,2086,2052,2021,2075,2012,2039,2059,2087,2081,2095,2082,2024,2013,2017,2034,2014,2086,2052,2021,2075,2012,2039,2059,2087,2081,2095,2082,2024,2013,2017
238,2056,2017,2010,2072,2042,2022,2075,2070,2021,2008,2061,2040,2030,2004,2038,2079,2056,2017,2010,2072,2042,2022,2075,2070,2021,2008,2061,2040,2030,2004,2038,2079
239,2096,2007,2041,2038,2019,2057,2035,2016,2033,2085,2023,2013,2071,2016,2016,2079,2096,2007,2041,2038,2019,2057,2035,2016,2033,2085,2023,2013,2071,2016,2016,2079
240,2020,2068,2012,2075,2042,2058,2046,2003,2077,2033,2089,2061,2039,2008,2096,2005,2020,2068,2012,2075,2042,2058,2046,2003,2077,2033,2089,2061,2039,2008,2096,2005
241,2083,2047,2083,2021,2053,2064,2090,2053,2006,2032,2077,2011,2036,2008,2056,2056,2083,2047,2083,2021,2053,2064,2090,2053,2006,2032,2077,2011,2036,2008,2056,2056
242,2055,2023,2028,2041,2052,2001,2095,2032,2084,2047,2025,2015,2091,2054,2022,2025,2055,2023,2028,2041,2052,2001,2095,2032,2084,2047,2025,2015,2091,2054,2022,2025
243,2041,2068,2061,2050,2002,2068,2010,2072,2009,2055,2015,2006,2089,2003,2068,2093,2041,2068,2061,2050,2002,2068,2010,2072,2009,2055,2015,2006,2089,2003,2068,2093
244,2088,2030,2071,2029,2073,2071,2000,2019,2071,2073,2052,2093,2042,2099,2086,2044,2088,2030,2071,2029,2073,2071,2000,2019,2071,2073,2052,2093,2042,2099,2086,2044
245,2085,2071,2083,2079,2010,2048,2087,2071,2100,2006,2071,2081,2059,2041,2100,2035,2085,2071,2083,2079,2010,2048,2087,2071,2100,2006,2071,2081,2059,2041,2100,2035
246,2090,2075,2070,2059,2010,2074,2014,2081,2098,2100,2029,2069,2006,2009,2099,2061,2090,2075,2070,2059,2010,2074,2014,2081,2098,2100,2029,2069,2006,2009,2099,2061
247,2005,2034,2077,2086,2030,2033,2031,2075,2063,2025,2012,2099,2073,2066,2038,2097,2005,2034,2077,2086,2030,2033,2031,2075,2063,2025,2012,2099,2073,2066,2038,2097
248,2018,2020,2062,2071,2041,2054,2039,2072,2059,2014,2004,2027,2077,2079,2008,2021,2018,2020,2062,2071,2041,2054,2039,2072,2059,2014,2004,2027,2077,2079,2008,2021
249,2060,2025,2094,2095,2054,2078,2006,2095,2096,2094,2061,2070,2016,2049,2054,2000,2060,2025,2094,2095,2054,2078,2006,2095,2096,2094,2061,2070,2016,2049,2054,2000
250,2069,2071,2037,2000,2049,2002,2016,2030,2058,2030,2019,2025,2053,2087,2097,2038,2069,2071,2037,2000,2049,2002,2016,2030,2058,2030,2019,2025,2053,2087,2097,2038
251,2100,2079,2091,2088,2070,2043,2000,2035,2097,2036,2071,2058,2081,2025,2084,2035,2100,2079,2091,2088,2070,2043,2000,2035,2097,2036,2071,2058,2081,2025,2084,2035
252,2013,2029,2035,2000,2048,2047,2014,2005,2065,2018,2023,2009,2078,2053,2045,2042,2013,2029,2035,2000,2048,2047,2014,2005,2065,2018,2023,2009,2078,2053,2045,2042
253,2015,2018,2023,2087,2021,2020,2080,2098,2002,2032,2052,2093,2056,2074,2086,2043,2015,2018,2023,2087,2021,2020,2080,2098,2002,2032,2052,2093,2056,2074,2086,2043
254,2010,2008,2032,2011,2068,2032,2036,2087,2018,2029,2002,2060,2090,2093,2076,2001,2010,2008,2032,2011,2068,2032,2036,2087,2018,2029,2002,2060,2090,2093,2076,2001
255,2023,2088,2084,2053,2096,2070,2030,2054,2000,2016,2052,2048,2016,2087,2004,2035,2023,2088,2084,2053,2096,2070,2030,2054,2000,2016,2052,2048,2016,2087,2004,2035
256,2038,2019,2001,2083,2001,2025,2074,2089,2008,2069,2100,2092,2032,2064,2096,2087,2038,2019,2001,2083,2001,2025,2074,2089,2008,2069,2100,2092,2032,2064,2096,2087
257,2008,2092,2017,2054,2049,2003,2083,2098,2069,2009,2026,2039,2033,2001,2061,2070,2008,2092,2017,2054,2049,2003,2083,2098,2069,2009,2026,2039,2033,2001,2061,2070
258,2090,2048,2054,2014,2000,2058,2034,2064,2052,2009,2075,2010,2074,2046,2025,2041,2090,2048,2054,2014,2000,2058,2034,2064,2052,2009,2075,2010,2074,2046,2025,2041
259,2000,2060,2028,2056,2076,2071,2028,2030,2056,2022,2069,2030,2056,2012,2075,2022,2000,2060,2028,2056,2076,2071,2028,2030,2056,2022,2069,2030,2056,2012,2075,2022
260,2073,2096,2093,2054,2095,2061,2038,2075,2076,2064,2030,2083,2082,2019,2009,2035,2073,2096,2093,2054,2095,2061,2038,2075,2076,2064,2030,2083,2082,2019,2009,2035
261,2014,2038,2079,2069,2085,2068,2032,2037,2080,2094,2094,2037,2060,2046,2085,2011,2014,2038,2079,2069,2085,2068,2032,2037,2080,2094,2094,2037,2060,2046,2085,2011
262,2089,2013,2007,2008,2063,2004,2010,2073,2084,2012,2077,2018,2064,2009,2011,2045,2089,2013,2007,2008,2063,2004,2010,2073,2084,2012,2077,2018,2064,2009,2011,2045
263,2003,2070,2018,2080,2064,2003,2020,2075,2001,2099,2065,2100,2097,2093,2094,2029,2003,2070,2018,2080,2064,2003,2020,2075,2001,2099,2065,2100,2097,2093,2094,2029
264,2009,2029,2031,2083,2085,2016,2084,2096,2009,2048,2054,2093,2021,2055,2092,2014,2009,2029,2031,2083,2085,2016,2084,2096,2009,2048,2054,2093,2021,2055,2092,2014
265,2031,2097,2049,2060,2033,2075,2056,2032,2084,2081,2042,2030,2023,2070,2089,2095,2031,2097,2049,2060,2033,2075,2056,2032,2084,2081,2042,2030,2023,2070,2089,2095
266,2001,2093,2033,2007,2031,2049,2070,2077,2067,2075,2091,2009,2022,2035,2017,2004,2001,2093,2033,2007,2031,2049,2070,2077,2067,2075,2091,2009,2022,2035,2017,2004
267,2096,2007,2087,2016,2032,2011,2075,2056,2083,2068,2036,2008,2066,2022,2054,2015,2096,2007,2087,2016,2032,2011,2075,2056,2083,2068,2036,2008,2066,2022,2054,2015
268,2061,2080,2030,2058,2004,2035,2031,2058,2038,2091,2094,2038,2006,2062,2080,2099,2061,2080,2030,2058,2004,2035,2031,2058,2038,2091,2094,2038,2006,2062,2080,2099
269,2001,2016,2024,2023,2045,2023,2100,2030,2010,2019,2008,2041,2067,2005,2070,2096,2001,2016,2024,2023,2045,2023,2100,2030,2010,2019,2008,2041,2067,2005,2070,2096
270,2069,2099,2068,2044,2082,2035,2066,2024,2088,2082,2013,2088,2072,2091,2002,2028,2069,2099,2068,2044,2082,2035,2066,2024,2088,2082,2013,2088,2072,2091,2002,2028
271,2053,2016,2092,2074,2055,2031,2094,2072,2006,2012,2096,2056,2061,2090,2086,2015,2053,2016,2092,2074,2055,2031,2094,2072,2006,2012,2096,2056,2061,2090,2086,2015
272,2016,2058,2055,2056,2072,2035,2043,2040,2044,2033,2061,2030,2096,2050,2035,2005,2016,2058,2055,2056,2072,2035,2043,2040,2044,2033,2061,2030,2096,2050,2035,2005
273,2067,2085,2046,2033,2091,2087,2061,2002,2075,2072,2086,2042,2024,2043,2011,2036,2067,2085,2046,2033,2091,2087,2061,2002,2075,2072,2086,2042,2024,2043,2011,2036
274,2095,2057,2077,2087,2034,2093,2071,2032,2071,2031,2080,2017,2030,2024,2077,2034,2095,2057,2077,2087,2034,2093,2071,2032,2071,2031,2080,2017,2030,2024,2077,2034
275,2062,2094,2044,2042,2006,2088,2003,2008,2077,2094,2088,2019,2030,2094,2034,2091,2062,2094,2044,2042,2006,2088,2003,2008,2077,2094,2088,2019,2030,2094,2034,2091
276,2079,2035,2007,2022,2041,2023,2061,2060,2008,2070,2050,2056,2027,2054,2044,2005,2079,2035,2007,2022,2041,2023,2061,2060,2008,2070,2050,2056,2027,2054,2044,2005
277,2032,2082,2025,2023,2081,2027,2044,2041,2081,2075,2027,2008,2073,2042,2031,2068,2032,2082,2025,2023,2081,2027,2044,2041,2081,2075,2027,2008,2073,2042,2031,2068
278,2015,2041,2053,2043,2028,2067,2017,2064,2089,2077,2042,2081,2068,2025,2085,2059,2015,2041,2053,2043,2028,2067,2017,2064,2089,2077,2042,2081,2068,2025,2085,2059
279,2063,2046,2060,2062,2033,2038,2030,2098,2086,2031,2081,2014,2004,2031,2000,2061,2063,2046,2060,2062,2033,2038,2030,2098,2086,2031,2081,2014,2004,2031,2000,2061
280,2044,2029,2008,2023,2074,2066,2020,2072,2033,2060,2029,2011,2068,2047,2054,2035,2044,2029,2008,2023,2074,2066,2020,2072,2033,2060,2029,2011,2068,2047,2054,2035
281,2012,2044,2089,2069,2095,2031,2016,2094,2094,2085,2033,2098,2009,2042,2012,2057,2012,2044,2089,2069,2095,2031,2016,2094,2094,2085,2033,2098,2009,2042,2012,2057
282,2025,2030,2007,2033,2016,2048,2027,2100,2091,2011,2052,2051,2023,2008,2071,2086,2025,2030,2007,2033,2016,2048,2027,2100,2091,2011,2052,2051,2023,2008,2071,2086
283,2033,2091,2047,2051,2040,2020,2037,2048,2098,2086,2067,2012,2053,2055,2081,2032,2033,2091,2047,2051,2040,2020,2037,2048,2098,2086,2067,2012,2053,2055,2081,2032
284,2055,2077,2061,2013,2090,2064,2098,2079,2017,2096,2029,2008,2057,2013,2000,2009,2055,2077,2061,2013,2090,2064,2098,2079,2017,2096,2029,2008,2057,2013,2000,2009
285,2057,2098,2067,2075,2092,2001,2027,2037,2079,2020,2097,2088,2041,2052,2047,2027,2057,2098,2067,2075,2092,2001,2027,2037,2079,2020,2097,2088,2041,2052,2047,2027
286,2043,2065,2020,2077,2088,2015,2019,2009,2081,2098,2027,2091,2019,2020,2003,2022,2043,2065,2020,2077,2088,2015,2019,2009,2081,2098,2027,2091,2019,2020,2003,2022
287,2056,2071,2049,2088,2029,2084,2030,2075,2007,2098,2038,2064,2071,2090,2068,2052,2056,2071,2049,2088,2029,2084,2030,2075,2007,2098,2038,2064,2071,2090,2068,2052
288,2062,2073,2066,2019,2020,2060,2013,2001,2047,2090,2032,2092,2028,2051,2017,2071,2062,2073,2066,2019,2020,2060,2013,2001,2047,2090,2032,2092,2028,2051,2017,2071
289,2036,2025,2044,2033,2095,2026,2025,2013,2061,2085,2022,2015,2035,2035,2079,2060,2036,2025,2044,2033,2095,2026,2025,2013,2061,2085,2022,2015,2035,2035,2079,2060
290,2069,2070,2000,2047,2026,2042,2044,2079,2077,2004,2059,2051,2066,2005,2080,2035,2069,2070,2000,2047,2026,2042,2044,2079,2077,2004,2059,2051,2066,2005,2080,2035
291,2037,2086,2050,2003,2095,2040,2026,2047,2094,2028,2029,2029,2006,2010,2097,2033,2037,2086,2050,2003,2095,2040,2026,2047,2094,2028,2029,2029,2006,2010,2097,2033
292,2068,2027,2000,2057,2085,2098,2069,2073,2069,2081,2061,2084,2011,2079,2019,2040,2068,2027,2000,2057,2085,2098,2069,2073,2069,2081,2061,2084,2011,2079,2019,2040
293,2010,2099,2066,2075,2083,2043,2081,2055,2091,2058,2050,2037,2086,2046,2082,2016,2010,2099,2066,2075,2083,2043,2081,2055,2091,2058,2050,2037,2086,2046,2082,2016
294,2054,2077,2039,2027,2003,2051,2082,2066,2042,2095,2040,2051,2059,2027,2075,2026,2054,2077,2039,2027,2003,2051,2082,2066,2042,2095,2040,2051,2059,2027,2075,2026
295,2079,2089,2006,2039,2084,2098,2007,2022,2018,2030,2094,2088,2036,2045,2034,2049,2079,2089,2006,2039,2084,2098,2007,2022,2018,2030,2094,2088,2036,2045,2034,2049
296,2071,2063,2070,2032,2069,2030,2039,2035,2028,2003,2000,2100,2001,2046,2078,2059,2071,2063,2070,2032,2069,2030,2039,2035,2028,2003,2000,2100,2001,2046,2078,2059
297,2041,2062,2047,2063,2061,2025,2037,2096,2030,2041,2074,2059,2095,2001,2089,2036,2041,2062,2047,2063,2061,2025,2037,2096,2030,2041,2074,2059,2095,2001,2089,2036
298,2066,2046,2027,2024,2051,2065,2002,2085,2056,2004,2071,2024,2064,2001,2009,2050,2066,2046,2027,2024,2051,2065,2002,2085,2056,2004,2071,2024,2064,2001,2009,2050
299,2033,2029,2036,2067,2034,2012,2053,2015,2032,2033,2044,2098,2012,2064,2024,2082,2033,2029,2036,2067,2034,2012,2053,2015,2032,2033,2044,2098,2012,2064,2024,2082
300,2012,2012,2069,2094,2097,2009,2044,2049,2017,2054,2029,2033,2030,2046,2033,2047,2012,2012,2069,2094,2097,2009,2044,2049,2017,2054,2029,2033,2030,2046,2033,2047
301,2043,2048,2054,2033,2078,2008,2039,2041,2084,2085,2014,2003,2089,2013,2059,2096,2043,2048,2054,2033,2078,2008,2039,2041,2084,2085,2014,2003,2089,2013,2059,2096
302,2074,2045,2047,2100,2067,2050,2031,2038,2038,2055,2037,2076,2085,2094,2098,2036,2074,2045,2047,2100,2067,2050,2031,2038,2038,2055,2037,2076,2085,2094,2098,2036
303,2100,2048,2031,2064,2044,2049,2091,2098,2069,2053,2088,2042,2013,2086,2088,2026,2100,2048,2031,2064,2044,2049,2091,2098,2069,2053,2088,2042,2013,2086,2088,2026
304,2083,2054,2024,2062,2056,2018,2031,2064,2011,2096,2016,2082,2089,2069,2075,2038,2083,2054,2024,2062,2056,2018,2031,2064,2011,2096,2016,2082,2089,2069,2075,2038
305,2077,2066,2033,2061,2089,2078,2041,2064,2044,2046,2025,2092,2067,2089,2028,2037,2077,2066,2033,2061,2089,2078,2041,2064,2044,2046,2025,2092,2067,2089,2028,2037
306,2002,2031,2062,2028,2071,2004,2024,2088,2049,2088,2083,2006,2031,2093,2061,2040,2002,2031,2062,2028,2071,2004,2024,2088,2049,2088,2083,2006,2031,2093,2061,2040
307,2002,2053,2021,2096,2067,2015,2021,2095,2094,2096,2003,2034,2028,2072,2034,2070,2002,2053,2021,2096,2067,2015,2021,2095,2094,2096,2003,2034,2028,2072,2034,2070
308,2024,2059,2034,2097,2053,2035,2048,2030,2061,2066,2003,2000,2014,2076,2000,2092,2024,2059,2034,2097,2053,2035,2048,2030,2061,2066,2003,2000,2014,2076,2000,2092
309,2002,2053,2077,2048,2081,2033,2037,2083,2087,2021,2086,2006,2074,2002,2028,2038,2002,2053,2077,2048,2081,2033,2037,2083,2087,2021,2086,2006,2074,2002,2028,2038
310,2046,2062,2000,2001,2091,2060,2093,2002,2009,2033,2078,2031,2090,2078,2079,2094,2046,2062,2000,2001,2091,2060,2093,2002,2009,2033,2078,2031,2090,2078,2079,2094
311,2001,2004,2091,2039,2012,2064,2099,2055,2006,2099,2004,2016,2086,2005,2098,2075,2001,2004,2091,2039,2012,2064,2099,2055,2006,2099,2004,2016,2086,2005,2098,2075
312,2020,2069,2013,2041,2084,2005,2046,2019,2067,2093,2089,2059,2100,2018,2015,2080,2020,2069,2013,2041,2084,2005,2046,2019,2067,2093,2089,2059,2100,2018,2015,2080
313,2029,2055,2053,2030,2097,2080,2008,2012,2086,2002,2075,2018,2015,2062,2060,2015,2029,2055,2053,2030,2097,2080,2008,2012,2086,2002,2075,2018,2015,2062,2060,2015
314,2076,2061,2067,2055,2054,2006,2047,2038,2049,2077,2072,2008,2023,2059,2094,2073,2076,2061,2067,2055,2054,2006,2047,2038,2049,2077,2072,2008,2023,2059,2094,2073
315,2014,2012,2024,2000,2084,2023,2064,2042,2041,2022,2021,2025,2086,2025,2070,2040,2014,2012,2024,2000,2084,2023,2064,2042,2041,2022,2021,2025,2086,2025,2070,2040
316,2056,2075,2030,2080,2063,2050,2003,2062,2085,2100,2096,2032,2026,2034,2006,2031,2056,2075,2030,2080,2063,2050,2003,2062,2085,2100,2096,2032,2026,2034,2006,2031
317,2006,2052,2063,2024,2002,2051,2024,2060,2034,2053,2076,2000,2075,2064,2060,2089,2006,2052,2063,2024,2002,2051,2024,2060,2034,2053,2076,2000,2075,2064,2060,2089
318,2034,2012,2002,2091,2020,2069,2083,2075,2067,2090,2047,2045,2060,2028,2033,2060,2034,2012,2002,2091,2020,2069,2083,2075,2067,2090,2047,2045,2060,2028,2033,2060
319,2024,2069,2038,2080,2043,2071,2082,2096,2002,2100,2057,2079,2000,2034,2006,2058,2024,2069,2038,2080,2043,2071,2082,2096,2002,2100,2057,2079,2000,2034,2006,2058
320,2097,2093,2093,2096,2025,2002,2040,2063,2055,2066,2025,2072,2005,2099,2031,2036,2097,2093,2093,2096,2025,2002,2040,2063,2055,2066,2025,2072,2005,2099,2031,2036
321,2010,2047,2013,2020,2012,2045,2095,2079,2006,2096,2042,2042,2003,2069,2062,2010,2010,2047,2013,2020,2012,2045,2095,2079,2006,2096,2042,2042,2003,2069,2062,2010
322,2095,2005,2054,2032,2006,2088,2076,2072,2093,2057,2075,2021,2067,2048,2088,2080,2095,2005,2054,2032,2006,2088,2076,2072,2093,2057,2075,2021,2067,2048,2088,2080
323,2099,2079,2013,2028,2020,2015,2091,2070,2097,2057,2058,2089,2097,2004,2035,2050,2099,2079,2013,2028,2020,2015,2091,2070,2097,2057,2058,2089,2097,2004,2035,2050
324,2032,2007,2084,2036,2096,2006,2087,2062,2021,2082,2094,2026,2086,2074,2022,2005,2032,2007,2084,2036,2096,2006,2087,2062,2021,2082,2094,2026,2086,2074,2022,2005
325,2027,2093,2084,2004,2021,2062,2023,2002,2002,2002,2060,2042,2083,2009,2024,2032,2027,2093,2084,2004,2021,2062,2023,2002,2002,2002,2060,2042,2083,2009,2024,2032
326,2091,2075,2037,2026,2054,2024,2093,2018,2047,2054,2003,2056,2061,2014,2061,2025,2091,2075,2037,2026,2054,2024,2093,2018,2047,2054,2003,2056,2061,2014,2061,2025
327,2083,2083,2053,2010,2017,2059,2077,2100,2032,2002,2086,2026,2056,2040,2000,2040,2083,2083,2053,2010,2017,2059,2077,2100,2032,2002,2086,2026,2056,2040,2000,2040
328,2100,2028,2081,2070,2078,2088,2050,2098,2053,2053,2081,2045,2047,2017,2041,2017,2100,2028,2081,2070,2078,2088,2050,2098,2053,2053,2081,2045,2047,2017,2041,2017
329,2077,2045,2035,2089,2059,2035,2039,2066,2055,2083,2019,2048,2082,2016,2084,2095,2077,2045,2035,2089,2059,2035,2039,2066,2055,2083,2019,2048,2082,2016,2084,2095
330,2038,2009,2075,2092,2061,2042,2096,2030,2068,2087,2006,2012,2050,2037,2075,2003,2038,2009,2075,2092,2061,2042,2096,2030,2068,2087,2006,2012,2050,2037,2075,2003
331,2011,2064,2082,2018,2068,2001,2011,2001,2029,2084,2078,2085,2001,2090,2065,2078,2011,2064,2082,2018,2068,2001,2011,2001,2029,2084,2078,2085,2001,2090,2065,2078
332,2095,2085,2030,2009,2100,2060,2025,2060,2080,2004,2063,2078,2066,2044,2004,2039,2095,2085,2030,2009,2100,2060,2025,2060,2080,2004,2063,2078,2066,2044,2004,2039
333,2042,2028,2044,2015,2091,2067,2019,2007,2089,2059,2018,2040,2018,2052,2004,2006,2042,2028,2044,2015,2091,2067,2019,2007,2089,2059,2018,2040,2018,2052,2004,2006
334,2071,2077,2017,2011,2002,2057,2014,2007,2034,2057,2008,2068,2085,2018,2090,2009,2071,2077,2017,2011,2002,2057,2014,2007,2034,2057,2008,2068,2085,2018,2090,2009
335,2058,2039,2081,2066,2020,2032,2049,2092,2037,2074,2002,2002,2061,2032,2085,2047,2058,2039,2081,2066,2020,2032,2049,2092,2037,2074,2002,2002,2061,2032,2085,2047
336,2099,2024,2003,2055,2020,2023,2023,2084,2005,2075,2082,2033,2017,2041,2094,2090,2099,2024,2003,2055,2020,2023,2023,2084,2005,2075,2082,2033,2017,2041,2094,2090
337,2049,2020,2009,2065,2030,2063,2083,2073,2061,2004,2064,2003,2038,2066,2088,2028,2049,2020,2009,2065,2030,2063,2083,2073,2061,2004,2064,2003,2038,2066,2088,2028
338,2049,2080,2034,2046,2095,2036,2061,2000,2071,2069,2017,2040,2035,2037,2084,2090,2049,2080,2034,2046,2095,2036,2061,2000,2071,2069,2017,2040,2035,2037,2084,2090
339,2086,2024,2049,2059,2065,2070,2021,2018,2046,2070,2006,2053,2075,2067,2045,2038,2086,2024,2049,2059,2065,2070,2021,2018,2046,2070,2006,2053,2075,2067,2045,2038
340,2092,2098,2047,2022,2022,2084,2015,2036,2058,2012,2039,2035,2090,2003,2025,2042,2092,2098,2047,2022,2022,2084,2015,2036,2058,2012,2039,2035,2090,2003,2025,2042
341,2020,2055,2071,2040,2002,2064,2069,2094,2002,2085,2003,2027,2033,2020,2034,2088,2020,2055,2071,2040,2002,2064,2069,2094,2002,2085,2003,2027,2033,2020,2034,2088
342,2012,2066,2084,2076,2066,2082,2032,2008,2041,2035,2035,2086,2044,2082,2025,2087,2012,2066,2084,2076,2066,2082,2032,2008,2041,2035,2035,2086,2044,2082,2025,2087
343,2073,2058,2081,2085,2032,2056,2039,2085,2067,2069,2017,2034,2029,2088,2040,2077,2073,2058,2081,2085,2032,2056,2039,2085,2067,2069,2017,2034,2029,2088,2040,2077
344,2054,2052,2037,2042,2003,2097,2040,2090,2079,2040,2044,2093,2095,2000,2027,2005,2054,2052,2037,2042,2003,2097,2040,2090,2079,2040,2044,2093,2095,2000,2027,2005
345,2013,2055,2086,2007,2063,2050,2026,2042,2045,2048,2094,2010,2071,2042,2078,2088,2013,2055,2086,2007,2063,2050,2026,2042,2045,2048,2094,2010,2071,2042,2078,2088
346,2022,2042,2059,2076,2052,2092,2079,2007,2057,2014,2008,2056,2058,2037,2052,2095,2022,2042,2059,2076,2052,2092,2079,2007,2057,2014,2008,2056,2058,2037,2052,2095
347,2008,2100,2067,2064,2022,2059,2011,2001,2048,2059,2096,2084,2023,2044,2077,2070,2008,2100,2067,2064,2022,2059,2011,2001,2048,2059,2096,2084,2023,2044,2077,2070
348,2039,2027,2096,2081,2052,2089,2092,2008,2086,2092,2043,2023,2081,2018,2028,2096,2039,2027,2096,2081,2052,2089,2092,2008,2086,2092,2043,2023,2081,2018,2028,2096
349,2080,2100,2057,2004,2081,2029,2029,2027,2027,2086,2090,2087,2080,2030,2079,2029,2080,2100,2057,2004,2081,2029,2029,2027,2027,2086,2090,2087,2080,2030,2079,2029
350,2026,2014,2017,2025,2055,2041,2033,2008,2008,2100,2007,2078,2014,2091,2003,2032,2026,2014,2017,2025,2055,2041,2033,2008,2008,2100,2007,2078,2014,2091,2003,2032
351,2065,2087,2053,2043,2034,2100,2068,2029,2045,2058,2035,2000,2075,2007,2042,2098,2065,2087,2053,2043,2034,2100,2068,2029,2045,2058,2035,2000,2075,2007,2042,2098
352,2050,2069,2081,2066,2096,2061,2085,2044,2100,2072,2076,2041,2031,2038,2054,2015,2050,2069,2081,2066,2096,2061,2085,2044,2100,2072,2076,2041,2031,2038,2054,2015
353,2005,2001,2067,2009,2071,2089,2036,2019,2049,2003,2004,2013,2052,2003,2098,2082,2005,2001,2067,2009,2071,2089,2036,2019,2049,2003,2004,2013,2052,2003,2098,2082
354,2085,2087,2073,2026,2069,2060,2014,2061,2063,2029,2098,2029,2066,2058,2014,2075,2085,2087,2073,2026,2069,2060,2014,2061,2063,2029,2098,2029,2066,2058,2014,2075
355,2043,2063,2051,2019,2007,2014,2015,2011,2029,2003,2031,2086,2035,2095,2071,2048,2043,2063,2051,2019,2007,2014,2015,2011,2029,2003,2031,2086,2035,2095,2071,2048
356,2082,2090,2050,2022,2041,2040,2017,2047,2082,2023,2082,2096,2070,2007,2086,2098,2082,2090,2050,2022,2041,2040,2017,2047,2082,2023,2082,2096,2070,2007,2086,2098
357,2041,2096,2070,2001,2025,2046,2040,2065,2045,2085,2002,2021,2004,2044,2089,2057,2041,2096,2070,2001,2025,2046,2040,2065,2045,2085,2002,2021,2004,2044,2089,2057
358,2002,2050,2044,2023,2048,2010,2064,2090,2041,2038,2036,2078,2069,2028,2052,2025,2002,2050,2044,2023,2048,2010,2064,2090,2041,2038,2036,2078,2069,2028,2052,2025
359,2022,2039,2019,2018,2056,2058,2047,2058,2068,2086,2047,2075,2018,2100,2024,2028,2022,2039,2019,2018,2056,2058,2047,2058,2068,2086,2047,2075,2018,2100,2024,2028
360,2085,2037,2084,2059,2033,2036,2053,2098,2024,2052,2036,2040,2012,2025,2024,2007,2085,2037,2084,2059,2033,2036,2053,2098,2024,2052,2036,2040,2012,2025,2024,2007
361,2047,2097,2055,2051,2066,2045,2065,2043,2049,2090,2008,2034,2024,2057,2013,2061,2047,2097,2055,2051,2066,2045,2065,2043,2049,2090,2008,2034,2024,2057,2013,2061
362,2098,2034,2054,2049,2002,2048,2070,2073,2011,2100,2064,2059,2098,2100,2053,2082,2098,2034,2054,2049,2002,2048,2070,2073,2011,2100,2064,2059,2098,2100,2053,2082
363,2054,2055,2020,2009,2005,2070,2037,2037,2097,2061,2012,2059,2078,2072,2035,2012,2054,2055,2020,2009,2005,2070,2037,2037,2097,2061,2012,2059,2078,2072,2035,2012
364,2034,2025,2005,2047,2085,2074,2000,2021,2052,2006,2005,2031,2094,2062,2048,2098,2034,2025,2005,2047,2085,2074,2000,2021,2052,2006,2005,2031,2094,2062,2048,2098
365,2095,2061,2098,2018,2081,2004,2055,2094,2088,2033,2040,2069,2032,2086,2092,2028,2095,2061,2098,2018,2081,2004,2055,2094,2088,2033,2040,2069,2032,2086,2092,2028
366,2011,2046,2057,2073,2007,2004,2020,2000,2047,2079,2027,2083,2062,2096,2097,2040,2011,2046,2057,2073,2007,2004,2020,2000,2047,2079,2027,2083,2062,2096,2097,2040
367,2034,2085,2094,2080,2083,2050,2056,2053,2039,2008,2034,2087,2021,2026,2054,2037,2034,2085,2094,2080,2083,2050,2056,2053,2039,2008,2034,2087,2021,2026,2054,2037
368,2064,2081,2011,2057,2046,2039,2024,2084,2048,2090,2077,2072,2035,2006,2085,2013,2064,2081,2011,2057,2046,2039,2024,2084,2048,2090,2077,2072,2035,2006,2085,2013
369,2036,2022,2044,2077,2040,2053,2010,2042,2034,2044,2013,2035,2036,2076,2015,2058,2036,2022,2044,2077,2040,2053,2010,2042,2034,2044,2013,2035,2036,2076,2015,2058
370,2034,2040,2051,2060,2018,2029,2096,2088,2068,2047,2055,2071,2080,2067,2068,2002,2034,2040,2051,2060,2018,2029,2096,2088,2068,2047,2055,2071,2080,2067,2068,2002
371,2040,2069,2015,2043,2050,2040,2097,2021,2070,2095,2079,2091,2068,2033,2067,2012,2040,2069,2015,2043,2050,2040,2097,2021,2070,2095,2079,2091,2068,2033,2067,2012
372,2021,2035,2055,2069,2092,2060,2096,2081,2093,2045,2097,2025,2016,2047,2096,2049,2021,2035,2055,2069,2092,2060,2096,2081,2093,2045,2097,2025,2016,2047,2096,2049
373,2004,2095,2009,2063,2051,2045,2008,2059,2063,2069,2008,2094,2059,2050,2017,2080,2004,2095,2009,2063,2051,2045,2008,2059,2063,2069,2008,2094,2059,2050,2017,2080
374,2069,2046,2070,2051,2090,2033,2082,2094,2036,2072,2068,2075,2077,2080,2095,2096,2069,2046,2070,2051,2090,2033,2082,2094,2036,2072,2068,2075,2077,2080,2095,2096
375,2058,2093,2039,2004,2002,2004,2058,2003,2073,2063,2004,2073,2025,2010,2088,2034,2058,2093,2039,2004,2002,2004,2058,2003,2073,2063,2004,2073,2025,2010,2088,2034
376,2070,2081,2042,2090,2008,2094,2096,2058,2033,2000,2019,2077,2006,2010,2000,2085,2070,2081,2042,2090,2008,2094,2096,2058,2033,2000,2019,2077,2006,2010,2000,2085
377,2092,2096,2096,2100,2044,2006,2061,2011,2044,2027,2009,2061,2077,2095,2089,2068,2092,2096,2096,2100,2044,2006,2061,2011,2044,2027,2009,2061,2077,2095,2089,2068
378,2018,2069,2016,2015,2031,2095,2066,2027,2069,2020,2062,2086,2077,2026,2077,2015,2018,2069,2016,2015,2031,2095,2066,2027,2069,2020,2062,2086,2077,2026,2077,2015
379,2060,2014,2059,2072,2049,2077,2007,2083,2044,2014,2086,2077,2026,2040,2095,2061,2060,2014,2059,2072,2049,2077,2007,2083,2044,2014,2086,2077,2026,2040,2095,2061
380,2054,2094,2019,2075,2080,2045,2089,2084,2005,2020,2065,2027,2012,2089,2040,2046,2054,2094,2019,2075,2080,2045,2089,2084,2005,2020,2065,2027,2012,2089,2040,2046
381,2002,2058,2063,2014,2058,2050,2065,2023,2021,2021,2076,2089,2003,2041,2070,2072,2002,2058,2063,2014,2058,2050,2065,2023,2021,2021,2076,2089,2003,2041,2070,2072
382,2071,2075,2056,2086,2036,2009,2089,2080,2009,2000,2073,2004,2053,2070,2074,2099,2071,2075,2056,2086,2036,2009,2089,2080,2009,2000,2073,2004,2053,2070,2074,2099
383,2064,2055,2052,2085,2037,2026,2061,2044,2023,2072,2059,2029,2033,2023,2059,2008,2064,2055,2052,2085,2037,2026,2061,2044,2023,2072,2059,2029,2033,2023,2059,2008
384,2052,2027,2082,2052,2020,2048,2015,2019,2096,2088,2012,2100,2028,2079,2055,2083,2052,2027,2082,2052,2020,2048,2015,2019,2096,2088,2012,2100,2028,2079,2055,2083
385,2097,2040,2008,2003,2051,2002,2035,2057,2006,2083,2082,2022,2092,2053,2027,2089,2097,2040,2008,2003,2051,2002,2035,2057,2006,2083,2082,2022,2092,2053,2027,2089
386,2087,2063,2054,2091,2000,2001,2062,2094,2038,2072,2040,2012,2091,2092,2021,2019,2087,2063,2054,2091,2000,2001,2062,2094,2038,2072,2040,2012,2091,2092,2021,2019
387,2032,2035,2073,2076,2079,2001,2069,2048,2059,2089,2065,2076,2081,2009,2046,2079,2032,2035,2073,2076,2079,2001,2069,2048,2059,2089,2065,2076,2081,2009,2046,2079
388,2082,2051,2010,2087,2054,2025,2027,2036,2072,2039,2075,2069,2032,2069,2087,2065,2082,2051,2010,2087,2054,2025,2027,2036,2072,2039,2075,2069,2032,2069,2087,2065
389,2065,2083,2027,2033,2086,2033,2008,2021,2018,2068,2057,2041,2038,2039,2085,2021,2065,2083,2027,2033,2086,2033,2008,2021,2018,2068,2057,2041,2038,2039,2085,2021
390,2046,2010,2051,2076,2092,2100,2084,2047,2040,2032,2009,2064,2067,2035,2009,2021,2046,2010,2051,2076,2092,2100,2084,2047,2040,2032,2009,2064,2067,2035,2009,2021
391,2051,2057,2031,2069,2054,2054,2018,2091,2061,2034,2007,2083,2035,2078,2072,2041,2051,2057,2031,2069,2054,2054,2018,2091,2061,2034,2007,2083,2035,2078,2072,2041
392,2082,2067,2025,2034,2098,2017,2016,2026,2049,2017,2017,2001,2076,2034,2016,2047,2082,2067,2025,2034,2098,2017,2016,2026,2049,2017,2017,2001,2076,2034,2016,2047
393,2048,2020,2039,2071,2100,2018,2091,2030,2081,2048,2055,2003,2069,2099,2064,2059,2048,2020,2039,2071,2100,2018,2091,2030,2081,2048,2055,2003,2069,2099,2064,2059
394,2093,2077,2085,2042,2065,2068,2070,2051,2024,2003,2015,2056,2071,2019,2009,2032,2093,2077,2085,2042,2065,2068,2070,2051,2024,2003,2015,2056,2071,2019,2009,2032
395,2058,2013,2025,2063,2033,2074,2045,2075,2008,2048,2099,2044,2043,2053,2029,2100,2058,2013,2025,2063,2033,2074,2045,2075,2008,2048,2099,2044,2043,2053,2029,2100
396,2064,2038,2045,2075,2040,2005,2042,2031,2010,2048,2046,2050,2002,2034,2003,2059,2064,2038,2045,2075,2040,2005,2042,2031,2010,2048,2046,2050,2002,2034,2003,2059
397,2069,2085,2094,2058,2068,2065,2042,2013,2014,2097,2077,2058,2035,2044,2072,2003,2069,2085,2094,2058,2068,2065,2042,2013,2014,2097,2077,2058,2035,2044,2072,2003
398,2059,2059,2050,2056,2063,2080,2031,2047,2025,2001,2099,2042,2005,2032,2033,2070,2059,2059,2050,2056,2063,2080,2031,2047,2025,2001,2099,2042,2005,2032,2033,2070
399,2055,2042,2033,2061,2090,2009,2032,2033,2095,2094,2033,2072,2088,2069,2048,2074,2055,2042,2033,2061,2090,2009,2032,2033,2095,2094,2033,2072,2088,2069,2048,2074
400,2099,2048,2050,2026,2053,2099,2031,2063,2002,2007,2097,2074,2015,2044,2021,2033,2099,2048,2050,2026,2053,2099,2031,2063,2002,2007,2097,2074,2015,2044,2021,2033
401,2033,2045,2059,2099,2026,2001,2028,2087,2042,2000,2096,2052,2078,2068,2014,2066,2033,2045,2059,2099,2026,2001,2028,2087,2042,2000,2096,2052,2078,2068,2014,2066
402,2082,2036,2075,2016,2100,2008,2015,2018,2066,2075,2007,2095,2066,2099,2091,2029,2082,2036,2075,2016,2100,2008,2015,2018,2066,2075,2007,2095,2066,2099,2091,2029
403,2077,2013,2097,2013,2047,2028,2016,2030,2045,2095,2082,2024,2041,2075,2060,2044,2077,2013,2097,2013,2047,2028,2016,2030,2045,2095,2082,2024,2041,2075,2060,2044
404,2059,2040,2060,2062,2100,2027,2072,2047,2039,2047,2024,2033,2035,2059,2005,2015,2059,2040,2060,2062,2100,2027,2072,2047,2039,2047,2024,2033,2035,2059,2005,2015
405,2014,2064,2041,2047,2078,2059,2087,2074,2004,2055,2048,2009,2097,2072,2038,2069,2014,2064,2041,2047,2078,2059,2087,2074,2004,2055,2048,2009,2097,2072,2038,2069
406,2067,2039,2003,2003,2075,2038,2008,2065,2026,2004,2005,2018,2080,2067,2049,2020,2067,2039,2003,2003,2075,2038,2008,2065,2026,2004,2005,2018,2080,2067,2049,2020
407,2010,2068,2027,2041,2048,2062,2067,2099,2093,2067,2040,2081,2089,2082,2020,2076,2010,2068,2027,2041,2048,2062,2067,2099,2093,2067,2040,2081,2089,2082,2020,2076
408,2093,2022,2008,2091,2022,2081,2044,2053,2074,2031,2048,2086,2037,2002,2090,2084,2093,2022,2008,2091,2022,2081,2044,2053,2074,2031,2048,2086,2037,2002,2090,2084
409,2089,2029,2088,2017,2023,2010,2055,2013,2087,2016,2017,2078,2038,2063,2027,2092,2089,2029,2088,2017,2023,2010,2055,2013,2087,2016,2017,2078,2038,2063,2027,2092
410,2063,2044,2078,2087,2041,2014,2048,2026,2093,2090,2096,2010,2082,2090,2024,2008,2063,2044,2078,2087,2041,2014,2048,2026,2093,2090,2096,2010,2082,2090,2024,2008
411,2077,2050,2014,2077,2008,2029,2058,2047,2080,2026,2016,2038,2061,2080,2016,2044,2077,2050,2014,2077,2008,2029,2058,2047,2080,2026,2016,2038,2061,2080,2016,2044
412,2061,2095,2024,2018,2011,2095,2100,2027,2003,2075,2008,2016,2011,2048,2070,2026,2061,2095,2024,2018,2011,2095,2100,2027,2003,2075,2008,2016,2011,2048,2070,2026
413,2083,2000,2066,2088,2027,2030,2053,2040,2097,2052,2087,2092,2006,2086,2072,2064,2083,2000,2066,2088,2027,2030,2053,2040,2097,2052,2087,2092,2006,2086,2072,2064
414,2030,2010,2064,2060,2086,2035,2089,2012,2029,2067,2002,2042,2022,2037,2006,2024,2030,2010,2064,2060,2086,2035,2089,2012,2029,2067,2002,2042,2022,2037,2006,2024
415,2040,2017,2071,2076,2005,2060,2084,2050,2047,2044,2042,2014,2041,2064,2007,2067,2040,2017,2071,2076,2005,2060,2084,2050,2047,2044,2042,2014,2041,2064,2007,2067
416,2056,2098,2065,2076,2094,2091,2044,2032,2076,2029,2036,2075,2061,2094,2020,2047,2056,2098,2065,2076,2094,2091,2044,2032,2076,2029,2036,2075,2061,2094,2020,2047
417,2097,2015,2027,2063,2036,2071,2005,2072,2069,2002,2034,2021,2091,2006,2089,2011,2097,2015,2027,2063,2036,2071,2005,2072,2069,2002,2034,2021,2091,2006,2089,2011
418,2056,2074,2077,2068,2077,2061,2068,2002,2038,2086,2045,2063,2028,2043,2013,2066,2056,2074,2077,2068,2077,2061,2068,2002,2038,2086,2045,2063,2028,2043,2013,2066
419,2001,2070,2093,2009,2058,2082,2024,2021,2093,2069,2006,2023,2044,2069,2089,2098,2001,2070,2093,2009,2058,2082,2024,2021,2093,2069,2006,2023,2044,2069,2089,2098
420,2084,2005,2057,2083,2023,2047,2084,2052,2037,2049,2049,2060,2033,2040,2080,2040,2084,2005,2057,2083,2023,2047,2084,2052,2037,2049,2049,2060,2033,2040,2080,2040
421,2029,2019,2075,2062,2034,2062,2029,2009,2026,2042,2036,2068,2002,2018,2031,2090,2029,2019,2075,2062,2034,2062,2029,2009,2026,2042,2036,2068,2002,2018,2031,2090
422,2003,2050,2044,2054,2000,2036,2076,2069,2035,2060,2013,2068,2083,2032,2094,2072,2003,2050,2044,2054,2000,2036,2076,2069,2035,2060,2013,2068,2083,2032,2094,2072
423,2072,2020,2095,2086,2011,2059,2045,2093,2063,2080,2089,2099,2032,2095,2045,2060,2072,2020,2095,2086,2011,2059,2045,2093,2063,2080,2089,2099,2032,2095,2045,2060
424,2074,2089,2019,2098,2077,2047,2047,2023,2075,2066,2059,2094,2099,2009,2099,2013,2074,2089,2019,2098,2077,2047,2047,2023,2075,2066,2059,2094,2099,2009,2099,2013
425,2005,2073,2078,2017,2039,2085,2056,2018,2082,2018,2032,2000,2100,2047,2073,2091,2005,2073,2078,2017,2039,2085,2056,2018,2082,2018,2032,2000,2100,2047,2073,2091
426,2002,2057,2050,2053,2002,2007,2066,2017,2070,2057,2009,2013,2053,2013,2014,2041,2002,2057,2050,2053,2002,2007,2066,2017,2070,2057,2009,2013,2053,2013,2014,2041
427,2066,2080,2052,2032,2017,2086,2042,2020,2043,2064,2029,2031,2084,2092,2064,2035,2066,2080,2052,2032,2017,2086,2042,2020,2043,2064,2029,2031,2084,2092,2064,2035
428,2040,2071,2014,2006,2022,2020,2099,2037,2046,2067,2023,2084,2061,2039,2009,2024,2040,2071,2014,2006,2022,2020,2099,2037,2046,2067,2023,2084,2061,2039,2009,2024
429,2041,2001,2056,2084,2058,2065,2045,2042,2058,2098,2002,2056,2038,2035,2006,2037,2041,2001,2056,2084,2058,2065,2045,2042,2058,2098,2002,2056,2038,2035,2006,2037
430,2022,2033,2006,2093,2007,2055,2010,2041,2026,2016,2004,2031,2079,2015,2052,2061,2022,2033,2006,2093,2007,2055,2010,2041,2026,2016,2004,2031,2079,2015,2052,2061
431,2001,2038,2005,2090,2074,2099,2084,2090,2028,2022,2100,2038,2026,2014,2085,2046,2001,2038,2005,2090,2074,2099,2084,2090,2028,2022,2100,2038,2026,2014,2085,2046
432,2096,2097,2011,2010,2034,2037,2030,2060,2004,2091,2045,2019,2015,2044,2017,2065,2096,2097,2011,2010,2034,2037,2030,2060,2004,2091,2045,2019,2015,2044,2017,2065
433,2046,2002,2099,2011,2026,2059,2014,2069,2067,2025,2078,2087,2057,2061,2082,2054,2046,2002,2099,2011,2026,2059,2014,2069,2067,2025,2078,2087,2057,2061,2082,2054
434,2076,2020,2012,2023,2005,2058,2064,2058,2026,2036,2050,2063,2091,2025,2050,2046,2076,2020,2012,2023,2005,2058,2064,2058,2026,2036,2050,2063,2091,2025,2050,2046
435,2020,2012,2023,2053,2054,2031,2083,2050,2016,2069,2021,2001,2055,2008,2036,2061,2020,2012,2023,2053,2054,2031,2083,2050,2016,2069,2021,2001,2055,2008,2036,2061
436,2011,2076,2099,2077,2047,2080,2009,2012,2058,2018,2015,2067,2089,2002,2055,2048,2011,2076,2099,2077,2047,2080,2009,2012,2058,2018,2015,2067,2089,2002,2055,2048
437,2074,2052,2040,2059,2006,2043,2064,2093,2001,2057,2074,2065,2088,2078,2036,2015,2074,2052,2040,2059,2006,2043,2064,2093,2001,2057,2074,2065,2088,2078,2036,2015
438,2053,2043,2067,2092,2062,2035,2071,2046,2011,2100,2088,2083,2072,2043,2025,2056,2053,2043,2067,2092,2062,2035,2071,2046,2011,2100,2088,2083,2072,2043,2025,2056
439,2026,2067,2092,2019,2059,2003,2013,2053,2031,2044,2057,2023,2027,2077,2089,2099,2026,2067,2092,2019,2059,2003,2013,2053,2031,2044,2057,2023,2027,2077,2089,2099
440,2093,2044,2029,2008,2041,2035,2061,2078,2003,2031,2025,2069,2045,2064,2070,2066,2093,2044,2029,2008,2041,2035,2061,2078,2003,2031,2025,2069,2045,2064,2070,2066
441,2083,2044,2036,2099,2076,2054,2003,2008,2092,2026,2017,2011,2086,2037,2093,2037,2083,2044,2036,2099,2076,2054,2003,2008,2092,2026,2017,2011,2086,2037,2093,2037
442,2021,2066,2047,2041,2058,2075,2040,2021,2087,2031,2082,2032,2094,2089,2034,2056,2021,2066,2047,2041,2058,2075,2040,2021,2087,2031,2082,2032,2094,2089,2034,2056
443,2048,2094,2013,2087,2018,2009,2036,2064,2080,2014,2057,2029,2019,2079,2032,2066,2048,2094,2013,2087,2018,2009,2036,2064,2080,2014,2057,2029,2019,2079,2032,2066
444,2040,2000,2097,2097,2027,2039,2096,2046,2092,2065,2093,2048,2084,2047,2051,2078,2040,2000,2097,2097,2027,2039,2096,2046,2092,2065,2093,2048,2084,2047,2051,2078
445,2083,2052,2061,2099,2063,2054,2098,2011,2032,2006,2036,2055,2001,2059,2048,2096,2083,2052,2061,2099,2063,2054,2098,2011,2032,2006,2036,2055,2001,2059,2048,2096
446,2098,2022,2074,2053,2045,2034,2054,2030,2040,2045,2047,2021,2067,2087,2093,2082,2098,2022,2074,2053,2045,2034,2054,2030,2040,2045,2047,2021,2067,2087,2093,2082
447,2085,2064,2061,2035,2054,2049,2033,2050,2071,2016,2081,2034,2010,2005,2062,2067,2085,2064,2061,2035,2054,2049,2033,2050,2071,2016,2081,2034,2010,2005,2062,2067
448,2024,2041,2084,2100,2055,2088,2066,2071,2011,2081,2076,2074,2091,2049,2010,2093,2024,2041,2084,2100,2055,2088,2066,2071,2011,2081,2076,2074,2091,2049,2010,2093
449,2050,2035,2022,2001,2011,2018,2019,2009,2039,2033,2069,2022,2049,2006,2099,2097,2050,2035,2022,2001,2011,2018,2019,2009,2039,2033,2069,2022,2049,2006,2099,2097
450,2082,2008,2004,2052,2038,2090,2075,2067,2037,2025,2098,2015,2071,2053,2037,2100,2082,2008,2004,2052,2038,2090,2075,2067,2037,2025,2098,2015,2071,2053,2037,2100
451,2075,2043,2021,2085,2069,2084,2033,2076,2030,2074,2069,2070,2093,2035,2073,2038,2075,2043,2021,2085,2069,2084,2033,2076,2030,2074,2069,2070,2093,2035,2073,2038
452,2049,2013,2018,2090,2026,2023,2080,2049,2027,2076,2072,2062,2082,2038,2015,2028,2049,2013,2018,2090,2026,2023,2080,2049,2027,2076,2072,2062,2082,2038,2015,2028
453,2011,2064,2002,2007,2099,2056,2000,2014,2079,2018,2015,2054,2006,2071,2014,2026,2011,2064,2002,2007,2099,2056,2000,2014,2079,2018,2015,2054,2006,2071,2014,2026
454,2059,2001,2065,2068,2098,2082,2041,2048,2090,2077,2001,2065,2041,2084,2008,2075,2059,2001,2065,2068,2098,2082,2041,2048,2090,2077,2001,2065,2041,2084,2008,2075
455,2063,2052,2066,2052,2058,2081,2008,2020,2035,2052,2052,2000,2040,2049,2018,2025,2063,2052,2066,2052,2058,2081,2008,2020,2035,2052,2052,2000,2040,2049,2018,2025
456,2005,2041,2003,2006,2091,2043,2040,2031,2009,2048,2075,2086,2005,2066,2068,2057,2005,2041,2003,2006,2091,2043,2040,2031,2009,2048,2075,2086,2005,2066,2068,2057
457,2008,2062,2063,2092,2092,2073,2087,2040,2053,2100,2051,2079,2088,2019,2018,2063,2008,2062,2063,2092,2092,2073,2087,2040,2053,2100,2051,2079,2088,2019,2018,2063
458,2006,2080,2076,2088,2068,2027,2073,2035,2020,2032,2015,2046,2011,2078,2003,2005,2006,2080,2076,2088,2068,2027,2073,2035,2020,2032,2015,2046,2011,2078,2003,2005
459,2080,2044,2094,2008,2065,2001,2040,2090,2076,2012,2059,2100,2075,2073,2009,2024,2080,2044,2094,2008,2065,2001,2040,2090,2076,2012,2059,2100,2075,2073,2009,2024
460,2016,2072,2059,2065,2007,2040,2032,2026,2007,2081,2006,2025,2067,2048,2097,2037,2016,2072,2059,2065,2007,2040,2032,2026,2007,2081,2006,2025,2067,2048,2097,2037
461,2032,2024,2079,2094,2002,2039,2070,2018,2034,2081,2038,2076,2055,2013,2006,2001,2032,2024,2079,2094,2002,2039,2070,2018,2034,2081,2038,2076,2055,2013,2006,2001
462,2070,2093,2018,2026,2052,2034,2081,2055,2045,2058,2085,2004,2055,2027,2018,2015,2070,2093,2018,2026,2052,2034,2081,2055,2045,2058,2085,2004,2055,2027,2018,2015
463,2098,2095,2018,2099,2090,2062,2034,2077,2027,2064,2088,2086,2042,2057,2047,2012,2098,2095,2018,2099,2090,2062,2034,2077,2027,2064,2088,2086,2042,2057,2047,2012
464,2041,2045,2060,2012,2062,2051,2046,2025,2000,2073,2081,2072,2031,2060,2071,2080,2041,2045,2060,2012,2062,2051,2046,2025,2000,2073,2081,2072,2031,2060,2071,2080
465,2048,2005,2096,2026,2008,2059,2009,2056,2004,2061,2030,2062,2069,2075,2046,2013,2048,2005,2096,2026,2008,2059,2009,2056,2004,2061,2030,2062,2069,2075,2046,2013
466,2075,2004,2005,2014,2071,2094,2000,2010,2088,2098,2018,2092,2084,2026,2092,2025,2075,2004,2005,2014,2071,2094,2000,2010,2088,2098,2018,2092,2084,2026,2092,2025
467,2092,2017,2033,2068,2021,2027,2016,2022,2056,2095,2009,2025,2052,2028,2025,2086,2092,2017,2033,2068,2021,2027,2016,2022,2056,2095,2009,2025,2052,2028,2025,2086
468,2031,2065,2025,2046,2036,2063,2000,2076,2095,2049,2065,2053,2085,2095,2057,2009,2031,2065,2025,2046,2036,2063,2000,2076,2095,2049,2065,2053,2085,2095,2057,2009
469,2080,2031,2039,2017,2049,2025,2069,2057,2061,2065,2088,2013,2028,2019,2013,2058,2080,2031,2039,2017,2049,2025,2069,2057,2061,2065,2088,2013,2028,2019,2013,2058
470,2096,2029,2030,2058,2099,2055,2076,2009,2013,2014,2017,2090,2040,2100,2071,2023,2096,2029,2030,2058,2099,2055,2076,2009,2013,2014,2017,2090,2040,2100,2071,2023
471,2068,2098,2023,2054,2080,2097,2061,2085,2016,2067,2008,2050,2065,2031,2051,2058,2068,2098,2023,2054,2080,2097,2061,2085,2016,2067,2008,2050,2065,2031,2051,2058
472,2036,2100,2021,2071,2060,2021,2070,2087,2065,2099,2056,2036,2062,2051,2030,2040,2036,2100,2021,2071,2060,2021,2070,2087,2065,2099,2056,2036,2062,2051,2030,2040
473,2009,2086,2016,2047,2061,2069,2014,2085,2005,2095,2079,2006,2018,2036,2006,2088,2009,2086,2016,2047,2061,2069,2014,2085,2005,2095,2079,2006,2018,2036,2006,2088
474,2075,2046,2014,2033,2091,2086,2016,2090,2064,2069,2071,2008,2020,2039,2065,2042,2075,2046,2014,2033,2091,2086,2016,2090,2064,2069,2071,2008,2020,2039,2065,2042
475,2015,2061,2055,2065,2052,2000,2038,2080,2012,2007,2078,2057,2078,2028,2072,2045,2015,2061,2055,2065,2052,2000,2038,2080,2012,2007,2078,2057,2078,2028,2072,2045
476,2040,2037,2003,2019,2011,2038,2087,2006,2003,2001,2002,2025,2092,2060,2040,2018,2040,2037,2003,2019,2011,2038,2087,2006,2003,2001,2002,2025,2092,2060,2040,2018
477,2019,2011,2010,2036,2075,2091,2095,2076,2000,2006,2062,2024,2046,2054,2009,2003,2019,2011,2010,2036,2075,2091,2095,2076,2000,2006,2062,2024,2046,2054,2009,2003
478,2074,2027,2045,2067,2021,2080,2040,2055,2057,2015,2061,2022,2031,2091,2092,2007,2074,2027,2045,2067,2021,2080,2040,2055,2057,2015,2061,2022,2031,2091,2092,2007
479,2043,2070,2013,2088,2059,2012,2090,2012,2009,2001,2058,2011,2075,2092,2096,2069,2043,2070,2013,2088,2059,2012,2090,2012,2009,2001,2058,2011,2075,2092,2096,2069
480,2080,2091,2099,2015,2051,2065,2071,2057,2000,2064,2029,2060,2072,2085,2020,2078,2080,2091,2099,2015,2051,2065,2071,2057,2000,2064,2029,2060,2072,2085,2020,2078
481,2060,2084,2088,2059,2001,2002,2062,2023,2051,2047,2077,2008,2040,2084,2098,2045,2060,2084,2088,2059,2001,2002,2062,2023,2051,2047,2077,2008,2040,2084,2098,2045
482,2002,2062,2016,2013,2048,2071,2067,2097,2057,2045,2074,2031,2017,2026,2035,2043,2002,2062,2016,2013,2048,2071,2067,2097,2057,2045,2074,2031,2017,2026,2035,2043
483,2022,2096,2084,2009,2064,2079,2025,2023,2006,2016,2087,2069,2073,2007,2088,2041,2022,2096,2084,2009,2064,2079,2025,2023,2006,2016,2087,2069,2073,2007,2088,2041
484,2062,2017,2036,2023,2079,2028,2095,2016,2017,2062,2018,2045,2066,2066,2065,2031,2062,2017,2036,2023,2079,2028,2095,2016,2017,2062,2018,2045,2066,2066,2065,2031
485,2017,2002,2031,2047,2049,2073,2048,2017,2060,2019,2058,2057,2085,2027,2006,2015,2017,2002,2031,2047,2049,2073,2048,2017,2060,2019,2058,2057,2085,2027,2006,2015
486,2026,2076,2015,2050,2071,2077,2096,2030,2091,2003,2081,2092,2041,2089,2037,2015,2026,2076,2015,2050,2071,2077,2096,2030,2091,2003,2081,2092,2041,2089,2037,2015
487,2062,2023,2045,2066,2058,2030,2011,2080,2037,2059,2075,2004,2052,2009,2024,2064,2062,2023,2045,2066,2058,2030,2011,2080,2037,2059,2075,2004,2052,2009,2024,2064
488,2084,2021,2042,2094,2047,2034,2070,2027,2060,2003,2097,2069,2016,2066,2080,2079,2084,2021,2042,2094,2047,2034,2070,2027,2060,2003,2097,2069,2016,2066,2080,2079
489,2017,2064,2033,2009,2026,2062,2044,2035,2069,2065,2030,2037,2098,2026,2038,2012,2017,2064,2033,2009,2026,2062,2044,2035,2069,2065,2030,2037,2098,2026,2038,2012
490,2077,2008,2040,2092,2046,2051,2087,2045,2092,2000,2084,2017,2036,2060,2071,2012,2077,2008,2040,2092,2046,2051,2087,2045,2092,2000,2084,2017,2036,2060,2071,2012
491,2100,2041,2067,2042,2059,2028,2069,2084,2091,2023,2005,2001,2098,2087,2075,2069,2100,2041,2067,2042,2059,2028,2069,2084,2091,2023,2005,2001,2098,2087,2075,2069
492,2059,2070,2090,2081,2024,2099,2059,2026,2065,2027,2098,2049,2036,2036,2084,2046,2059,2070,2090,2081,2024,2099,2059,2026,2065,2027,2098,2049,2036,2036,2084,2046
493,2063,2035,2070,2073,2040,2053,2027,2027,2051,2014,2047,2064,2083,2003,2014,2040,2063,2035,2070,2073,2040,2053,2027,2027,2051,2014,2047,2064,2083,2003,2014,2040
494,2047,2083,2037,2099,2016,2060,2011,2069,2023,2040,2050,2035,2054,2044,2077,2099,2047,2083,2037,2099,2016,2060,2011,2069,2023,2040,2050,2035,2054,2044,2077,2099
495,2089,2048,2100,2088,2097,2021,2008,2064,2097,2044,2045,2026,2084,2046,2053,2041,2089,2048,2100,2088,2097,2021,2008,2064,2097,2044,2045,2026,2084,2046,2053,2041
496,2043,2072,2009,2052,2099,2054,2090,2083,2084,2083,2019,2009,2087,2034,2093,2063,2043,2072,2009,2052,2099,2054,2090,2083,2084,2083,2019,2009,2087,2034,2093,2063
497,2087,2003,2088,2073,2088,2064,2008,2007,2080,2082,2019,2054,2027,2058,2038,2080,2087,2003,2088,2073,2088,2064,2008,2007,2080,2082,2019,2054,2027,2058,2038,2080
498,2085,2039,2056,2032,2036,2075,2050,2067,2090,2030,2071,2086,2021,2048,2047,2070,2085,2039,2056,2032,2036,2075,2050,2067,2090,2030,2071,2086,2021,2048,2047,2070
499,2014,2064,2034,2099,2085,2092,2054,2017,2022,2094,2035,2077,2031,2013,2044,2088,2014,2064,2034,2099,2085,2092,2054,2017,2022,2094,2035,2077,2031,2013,2044,2088
